filepath,split,label_id,class_en,class_zh
train/images/bugs_and_beetles/00000.jpg,train,0,bugs_and_beetles,蝽或甲虫
valid/images/bugs_and_beetles/00001.jpg,valid,0,bugs_and_beetles,蝽或甲虫
train/images/bugs_and_beetles/00002.jpg,train,0,bugs_and_beetles,蝽或甲虫
train/images/bugs_and_beetles/00003.jpg,train,0,bugs_and_beetles,蝽或甲虫
train/images/bugs_and_beetles/00004.jpg,train,0,bugs_and_beetles,蝽或甲虫
train/images/bugs_and_beetles/00005.jpg,train,0,bugs_and_beetles,蝽或甲虫
train/images/bugs_and_beetles/00006.jpg,train,0,bugs_and_beetles,蝽或甲虫
valid/images/bugs_and_beetles/00007.jpg,valid,0,bugs_and_beetles,蝽或甲虫
train/images/bugs_and_beetles/00008.jpg,train,0,bugs_and_beetles,蝽或甲虫
valid/images/bugs_and_beetles/00009.jpg,valid,0,bugs_and_beetles,蝽或甲虫
train/images/bugs_and_beetles/00010.jpg,train,0,bugs_and_beetles,蝽或甲虫
train/images/bugs_and_beetles/00011.jpg,train,0,bugs_and_beetles,蝽或甲虫
valid/images/bugs_and_beetles/00012.jpg,valid,0,bugs_and_beetles,蝽或甲虫
valid/images/bugs_and_beetles/00013.jpg,valid,0,bugs_and_beetles,蝽或甲虫
train/images/bugs_and_beetles/00014.jpg,train,0,bugs_and_beetles,蝽或甲虫
train/images/bugs_and_beetles/00015.jpg,train,0,bugs_and_beetles,蝽或甲虫
train/images/bugs_and_beetles/00016.jpg,train,0,bugs_and_beetles,蝽或甲虫
train/images/bugs_and_beetles/00017.jpg,train,0,bugs_and_beetles,蝽或甲虫
train/images/bugs_and_beetles/00018.jpg,train,0,bugs_and_beetles,蝽或甲虫
valid/images/bugs_and_beetles/00019.jpg,valid,0,bugs_and_beetles,蝽或甲虫
train/images/bugs_and_beetles/00020.jpg,train,0,bugs_and_beetles,蝽或甲虫
train/images/bugs_and_beetles/00021.jpg,train,0,bugs_and_beetles,蝽或甲虫
train/images/bugs_and_beetles/00022.jpg,train,0,bugs_and_beetles,蝽或甲虫
valid/images/bugs_and_beetles/00023.jpg,valid,0,bugs_and_beetles,蝽或甲虫
train/images/bugs_and_beetles/00024.jpg,train,0,bugs_and_beetles,蝽或甲虫
train/images/bugs_and_beetles/00025.jpg,train,0,bugs_and_beetles,蝽或甲虫
valid/images/bugs_and_beetles/00026.jpg,valid,0,bugs_and_beetles,蝽或甲虫
valid/images/bugs_and_beetles/00027.jpg,valid,0,bugs_and_beetles,蝽或甲虫
train/images/bugs_and_beetles/00028.jpg,train,0,bugs_and_beetles,蝽或甲虫
train/images/bugs_and_beetles/00029.jpg,train,0,bugs_and_beetles,蝽或甲虫
train/images/bugs_and_beetles/00030.jpg,train,0,bugs_and_beetles,蝽或甲虫
train/images/bugs_and_beetles/00031.jpg,train,0,bugs_and_beetles,蝽或甲虫
train/images/bugs_and_beetles/00032.jpg,train,0,bugs_and_beetles,蝽或甲虫
train/images/bugs_and_beetles/00033.jpg,train,0,bugs_and_beetles,蝽或甲虫
train/images/bugs_and_beetles/00034.jpg,train,0,bugs_and_beetles,蝽或甲虫
train/images/bugs_and_beetles/00035.jpg,train,0,bugs_and_beetles,蝽或甲虫
train/images/bugs_and_beetles/00036.jpg,train,0,bugs_and_beetles,蝽或甲虫
train/images/bugs_and_beetles/00037.jpg,train,0,bugs_and_beetles,蝽或甲虫
train/images/bugs_and_beetles/00038.jpg,train,0,bugs_and_beetles,蝽或甲虫
train/images/bugs_and_beetles/00039.jpg,train,0,bugs_and_beetles,蝽或甲虫
train/images/bugs_and_beetles/00040.jpg,train,0,bugs_and_beetles,蝽或甲虫
valid/images/bugs_and_beetles/00041.jpg,valid,0,bugs_and_beetles,蝽或甲虫
train/images/bugs_and_beetles/00042.jpg,train,0,bugs_and_beetles,蝽或甲虫
train/images/bugs_and_beetles/00043.jpg,train,0,bugs_and_beetles,蝽或甲虫
valid/images/bugs_and_beetles/00044.jpg,valid,0,bugs_and_beetles,蝽或甲虫
train/images/bugs_and_beetles/00045.jpg,train,0,bugs_and_beetles,蝽或甲虫
valid/images/bugs_and_beetles/00046.jpg,valid,0,bugs_and_beetles,蝽或甲虫
train/images/bugs_and_beetles/00047.jpg,train,0,bugs_and_beetles,蝽或甲虫
train/images/bugs_and_beetles/00048.jpg,train,0,bugs_and_beetles,蝽或甲虫
train/images/bugs_and_beetles/00049.jpg,train,0,bugs_and_beetles,蝽或甲虫
train/images/bugs_and_beetles/00050.jpg,train,0,bugs_and_beetles,蝽或甲虫
train/images/bugs_and_beetles/00051.jpg,train,0,bugs_and_beetles,蝽或甲虫
train/images/bugs_and_beetles/00052.jpg,train,0,bugs_and_beetles,蝽或甲虫
train/images/bugs_and_beetles/00053.jpg,train,0,bugs_and_beetles,蝽或甲虫
train/images/bugs_and_beetles/00054.jpg,train,0,bugs_and_beetles,蝽或甲虫
train/images/bugs_and_beetles/00055.jpg,train,0,bugs_and_beetles,蝽或甲虫
valid/images/bugs_and_beetles/00056.jpg,valid,0,bugs_and_beetles,蝽或甲虫
train/images/bugs_and_beetles/00057.jpg,train,0,bugs_and_beetles,蝽或甲虫
valid/images/bugs_and_beetles/00058.jpg,valid,0,bugs_and_beetles,蝽或甲虫
train/images/bugs_and_beetles/00059.jpg,train,0,bugs_and_beetles,蝽或甲虫
train/images/bugs_and_beetles/00060.jpg,train,0,bugs_and_beetles,蝽或甲虫
train/images/bugs_and_beetles/00061.jpg,train,0,bugs_and_beetles,蝽或甲虫
train/images/bugs_and_beetles/00062.jpg,train,0,bugs_and_beetles,蝽或甲虫
train/images/bugs_and_beetles/00063.jpg,train,0,bugs_and_beetles,蝽或甲虫
train/images/bugs_and_beetles/00064.jpg,train,0,bugs_and_beetles,蝽或甲虫
train/images/bugs_and_beetles/00065.jpg,train,0,bugs_and_beetles,蝽或甲虫
train/images/bugs_and_beetles/00066.jpg,train,0,bugs_and_beetles,蝽或甲虫
valid/images/bugs_and_beetles/00067.jpg,valid,0,bugs_and_beetles,蝽或甲虫
train/images/bugs_and_beetles/00068.jpg,train,0,bugs_and_beetles,蝽或甲虫
train/images/bugs_and_beetles/00069.jpg,train,0,bugs_and_beetles,蝽或甲虫
train/images/bugs_and_beetles/00070.jpg,train,0,bugs_and_beetles,蝽或甲虫
train/images/bugs_and_beetles/00071.jpg,train,0,bugs_and_beetles,蝽或甲虫
train/images/bugs_and_beetles/00072.jpg,train,0,bugs_and_beetles,蝽或甲虫
train/images/bugs_and_beetles/00073.jpg,train,0,bugs_and_beetles,蝽或甲虫
train/images/bugs_and_beetles/00074.jpg,train,0,bugs_and_beetles,蝽或甲虫
train/images/bugs_and_beetles/00075.jpg,train,0,bugs_and_beetles,蝽或甲虫
train/images/bugs_and_beetles/00076.jpg,train,0,bugs_and_beetles,蝽或甲虫
train/images/bugs_and_beetles/00077.jpg,train,0,bugs_and_beetles,蝽或甲虫
train/images/bugs_and_beetles/00078.jpg,train,0,bugs_and_beetles,蝽或甲虫
train/images/bugs_and_beetles/00079.jpg,train,0,bugs_and_beetles,蝽或甲虫
train/images/bugs_and_beetles/00080.jpg,train,0,bugs_and_beetles,蝽或甲虫
train/images/bugs_and_beetles/00081.jpg,train,0,bugs_and_beetles,蝽或甲虫
train/images/bugs_and_beetles/00082.jpg,train,0,bugs_and_beetles,蝽或甲虫
train/images/bugs_and_beetles/00083.jpg,train,0,bugs_and_beetles,蝽或甲虫
train/images/bugs_and_beetles/00084.jpg,train,0,bugs_and_beetles,蝽或甲虫
train/images/bugs_and_beetles/00085.jpg,train,0,bugs_and_beetles,蝽或甲虫
train/images/bugs_and_beetles/00086.jpg,train,0,bugs_and_beetles,蝽或甲虫
train/images/bugs_and_beetles/00087.jpg,train,0,bugs_and_beetles,蝽或甲虫
valid/images/bugs_and_beetles/00088.jpg,valid,0,bugs_and_beetles,蝽或甲虫
valid/images/bugs_and_beetles/00089.jpg,valid,0,bugs_and_beetles,蝽或甲虫
valid/images/bugs_and_beetles/00090.jpg,valid,0,bugs_and_beetles,蝽或甲虫
train/images/bugs_and_beetles/00091.jpg,train,0,bugs_and_beetles,蝽或甲虫
train/images/bugs_and_beetles/00092.jpg,train,0,bugs_and_beetles,蝽或甲虫
train/images/bugs_and_beetles/00093.jpg,train,0,bugs_and_beetles,蝽或甲虫
valid/images/bugs_and_beetles/00094.jpg,valid,0,bugs_and_beetles,蝽或甲虫
train/images/bugs_and_beetles/00095.jpg,train,0,bugs_and_beetles,蝽或甲虫
train/images/bugs_and_beetles/00096.jpg,train,0,bugs_and_beetles,蝽或甲虫
train/images/bugs_and_beetles/00097.jpg,train,0,bugs_and_beetles,蝽或甲虫
train/images/bugs_and_beetles/00098.jpg,train,0,bugs_and_beetles,蝽或甲虫
train/images/bugs_and_beetles/00099.jpg,train,0,bugs_and_beetles,蝽或甲虫
valid/images/caddisflies/00100.jpg,valid,1,caddisflies,石蛾幼虫（石蚕）
train/images/caddisflies/00101.jpg,train,1,caddisflies,石蛾幼虫（石蚕）
train/images/caddisflies/00102.jpg,train,1,caddisflies,石蛾幼虫（石蚕）
train/images/caddisflies/00103.jpg,train,1,caddisflies,石蛾幼虫（石蚕）
train/images/caddisflies/00104.jpg,train,1,caddisflies,石蛾幼虫（石蚕）
train/images/caddisflies/00105.jpg,train,1,caddisflies,石蛾幼虫（石蚕）
valid/images/caddisflies/00106.jpg,valid,1,caddisflies,石蛾幼虫（石蚕）
train/images/caddisflies/00107.jpg,train,1,caddisflies,石蛾幼虫（石蚕）
train/images/caddisflies/00108.jpg,train,1,caddisflies,石蛾幼虫（石蚕）
train/images/caddisflies/00109.jpg,train,1,caddisflies,石蛾幼虫（石蚕）
train/images/caddisflies/00110.jpg,train,1,caddisflies,石蛾幼虫（石蚕）
train/images/caddisflies/00111.jpg,train,1,caddisflies,石蛾幼虫（石蚕）
train/images/caddisflies/00112.jpg,train,1,caddisflies,石蛾幼虫（石蚕）
valid/images/caddisflies/00113.jpg,valid,1,caddisflies,石蛾幼虫（石蚕）
train/images/caddisflies/00114.jpg,train,1,caddisflies,石蛾幼虫（石蚕）
train/images/caddisflies/00115.jpg,train,1,caddisflies,石蛾幼虫（石蚕）
train/images/caddisflies/00116.jpg,train,1,caddisflies,石蛾幼虫（石蚕）
train/images/caddisflies/00117.jpg,train,1,caddisflies,石蛾幼虫（石蚕）
train/images/caddisflies/00118.jpg,train,1,caddisflies,石蛾幼虫（石蚕）
valid/images/caddisflies/00119.jpg,valid,1,caddisflies,石蛾幼虫（石蚕）
train/images/caddisflies/00120.jpg,train,1,caddisflies,石蛾幼虫（石蚕）
train/images/caddisflies/00121.jpg,train,1,caddisflies,石蛾幼虫（石蚕）
train/images/caddisflies/00122.jpg,train,1,caddisflies,石蛾幼虫（石蚕）
train/images/caddisflies/00123.jpg,train,1,caddisflies,石蛾幼虫（石蚕）
valid/images/caddisflies/00124.jpg,valid,1,caddisflies,石蛾幼虫（石蚕）
train/images/caddisflies/00125.jpg,train,1,caddisflies,石蛾幼虫（石蚕）
valid/images/caddisflies/00126.jpg,valid,1,caddisflies,石蛾幼虫（石蚕）
train/images/caddisflies/00127.jpg,train,1,caddisflies,石蛾幼虫（石蚕）
train/images/caddisflies/00128.jpg,train,1,caddisflies,石蛾幼虫（石蚕）
train/images/caddisflies/00129.jpg,train,1,caddisflies,石蛾幼虫（石蚕）
train/images/caddisflies/00130.jpg,train,1,caddisflies,石蛾幼虫（石蚕）
valid/images/caddisflies/00131.jpg,valid,1,caddisflies,石蛾幼虫（石蚕）
train/images/caddisflies/00132.jpg,train,1,caddisflies,石蛾幼虫（石蚕）
train/images/caddisflies/00133.jpg,train,1,caddisflies,石蛾幼虫（石蚕）
valid/images/caddisflies/00134.jpg,valid,1,caddisflies,石蛾幼虫（石蚕）
train/images/caddisflies/00135.jpg,train,1,caddisflies,石蛾幼虫（石蚕）
valid/images/caddisflies/00136.jpg,valid,1,caddisflies,石蛾幼虫（石蚕）
train/images/caddisflies/00137.jpg,train,1,caddisflies,石蛾幼虫（石蚕）
train/images/caddisflies/00138.jpg,train,1,caddisflies,石蛾幼虫（石蚕）
valid/images/caddisflies/00139.jpg,valid,1,caddisflies,石蛾幼虫（石蚕）
train/images/caddisflies/00140.jpg,train,1,caddisflies,石蛾幼虫（石蚕）
train/images/caddisflies/00141.jpg,train,1,caddisflies,石蛾幼虫（石蚕）
train/images/caddisflies/00142.jpg,train,1,caddisflies,石蛾幼虫（石蚕）
train/images/caddisflies/00143.jpg,train,1,caddisflies,石蛾幼虫（石蚕）
train/images/caddisflies/00144.jpg,train,1,caddisflies,石蛾幼虫（石蚕）
train/images/caddisflies/00145.jpg,train,1,caddisflies,石蛾幼虫（石蚕）
train/images/caddisflies/00146.jpg,train,1,caddisflies,石蛾幼虫（石蚕）
train/images/caddisflies/00147.jpg,train,1,caddisflies,石蛾幼虫（石蚕）
train/images/caddisflies/00148.jpg,train,1,caddisflies,石蛾幼虫（石蚕）
train/images/caddisflies/00149.jpg,train,1,caddisflies,石蛾幼虫（石蚕）
train/images/caddisflies/00150.jpg,train,1,caddisflies,石蛾幼虫（石蚕）
train/images/caddisflies/00151.jpg,train,1,caddisflies,石蛾幼虫（石蚕）
train/images/caddisflies/00152.jpg,train,1,caddisflies,石蛾幼虫（石蚕）
train/images/caddisflies/00153.jpg,train,1,caddisflies,石蛾幼虫（石蚕）
valid/images/caddisflies/00154.jpg,valid,1,caddisflies,石蛾幼虫（石蚕）
train/images/caddisflies/00155.jpg,train,1,caddisflies,石蛾幼虫（石蚕）
train/images/caddisflies/00156.jpg,train,1,caddisflies,石蛾幼虫（石蚕）
train/images/caddisflies/00157.jpg,train,1,caddisflies,石蛾幼虫（石蚕）
train/images/caddisflies/00158.jpg,train,1,caddisflies,石蛾幼虫（石蚕）
train/images/caddisflies/00159.jpg,train,1,caddisflies,石蛾幼虫（石蚕）
valid/images/caddisflies/00160.jpg,valid,1,caddisflies,石蛾幼虫（石蚕）
train/images/caddisflies/00161.jpg,train,1,caddisflies,石蛾幼虫（石蚕）
train/images/caddisflies/00162.jpg,train,1,caddisflies,石蛾幼虫（石蚕）
train/images/caddisflies/00163.jpg,train,1,caddisflies,石蛾幼虫（石蚕）
train/images/caddisflies/00164.jpg,train,1,caddisflies,石蛾幼虫（石蚕）
valid/images/caddisflies/00165.jpg,valid,1,caddisflies,石蛾幼虫（石蚕）
train/images/caddisflies/00166.jpg,train,1,caddisflies,石蛾幼虫（石蚕）
train/images/caddisflies/00167.jpg,train,1,caddisflies,石蛾幼虫（石蚕）
train/images/caddisflies/00168.jpg,train,1,caddisflies,石蛾幼虫（石蚕）
valid/images/caddisflies/00169.jpg,valid,1,caddisflies,石蛾幼虫（石蚕）
train/images/caddisflies/00170.jpg,train,1,caddisflies,石蛾幼虫（石蚕）
train/images/caddisflies/00171.jpg,train,1,caddisflies,石蛾幼虫（石蚕）
train/images/caddisflies/00172.jpg,train,1,caddisflies,石蛾幼虫（石蚕）
train/images/caddisflies/00173.jpg,train,1,caddisflies,石蛾幼虫（石蚕）
train/images/caddisflies/00174.jpg,train,1,caddisflies,石蛾幼虫（石蚕）
valid/images/caddisflies/00175.jpg,valid,1,caddisflies,石蛾幼虫（石蚕）
valid/images/caddisflies/00176.jpg,valid,1,caddisflies,石蛾幼虫（石蚕）
train/images/caddisflies/00177.jpg,train,1,caddisflies,石蛾幼虫（石蚕）
train/images/caddisflies/00178.jpg,train,1,caddisflies,石蛾幼虫（石蚕）
train/images/caddisflies/00179.jpg,train,1,caddisflies,石蛾幼虫（石蚕）
train/images/caddisflies/00180.jpg,train,1,caddisflies,石蛾幼虫（石蚕）
train/images/caddisflies/00181.jpg,train,1,caddisflies,石蛾幼虫（石蚕）
train/images/caddisflies/00182.jpg,train,1,caddisflies,石蛾幼虫（石蚕）
valid/images/caddisflies/00183.jpg,valid,1,caddisflies,石蛾幼虫（石蚕）
train/images/caddisflies/00184.jpg,train,1,caddisflies,石蛾幼虫（石蚕）
train/images/caddisflies/00185.jpg,train,1,caddisflies,石蛾幼虫（石蚕）
train/images/caddisflies/00186.jpg,train,1,caddisflies,石蛾幼虫（石蚕）
train/images/caddisflies/00187.jpg,train,1,caddisflies,石蛾幼虫（石蚕）
valid/images/caddisflies/00188.jpg,valid,1,caddisflies,石蛾幼虫（石蚕）
train/images/caddisflies/00189.jpg,train,1,caddisflies,石蛾幼虫（石蚕）
train/images/caddisflies/00190.jpg,train,1,caddisflies,石蛾幼虫（石蚕）
train/images/caddisflies/00191.jpg,train,1,caddisflies,石蛾幼虫（石蚕）
train/images/caddisflies/00192.jpg,train,1,caddisflies,石蛾幼虫（石蚕）
train/images/caddisflies/00193.jpg,train,1,caddisflies,石蛾幼虫（石蚕）
train/images/caddisflies/00194.jpg,train,1,caddisflies,石蛾幼虫（石蚕）
train/images/caddisflies/00195.jpg,train,1,caddisflies,石蛾幼虫（石蚕）
train/images/caddisflies/00196.jpg,train,1,caddisflies,石蛾幼虫（石蚕）
valid/images/caddisflies/00197.jpg,valid,1,caddisflies,石蛾幼虫（石蚕）
train/images/caddisflies/00198.jpg,train,1,caddisflies,石蛾幼虫（石蚕）
train/images/caddisflies/00199.jpg,train,1,caddisflies,石蛾幼虫（石蚕）
train/images/crabs_and_shrimps/00200.jpg,train,2,crabs_and_shrimps,蟹与虾
train/images/crabs_and_shrimps/00201.jpg,train,2,crabs_and_shrimps,蟹与虾
train/images/crabs_and_shrimps/00202.jpg,train,2,crabs_and_shrimps,蟹与虾
valid/images/crabs_and_shrimps/00203.jpg,valid,2,crabs_and_shrimps,蟹与虾
train/images/crabs_and_shrimps/00204.jpg,train,2,crabs_and_shrimps,蟹与虾
train/images/crabs_and_shrimps/00205.jpg,train,2,crabs_and_shrimps,蟹与虾
train/images/crabs_and_shrimps/00206.jpg,train,2,crabs_and_shrimps,蟹与虾
valid/images/crabs_and_shrimps/00207.jpg,valid,2,crabs_and_shrimps,蟹与虾
train/images/crabs_and_shrimps/00208.jpg,train,2,crabs_and_shrimps,蟹与虾
train/images/crabs_and_shrimps/00209.jpg,train,2,crabs_and_shrimps,蟹与虾
train/images/crabs_and_shrimps/00210.jpg,train,2,crabs_and_shrimps,蟹与虾
train/images/crabs_and_shrimps/00211.jpg,train,2,crabs_and_shrimps,蟹与虾
train/images/crabs_and_shrimps/00212.jpg,train,2,crabs_and_shrimps,蟹与虾
train/images/crabs_and_shrimps/00213.jpg,train,2,crabs_and_shrimps,蟹与虾
train/images/crabs_and_shrimps/00214.jpg,train,2,crabs_and_shrimps,蟹与虾
train/images/crabs_and_shrimps/00215.jpg,train,2,crabs_and_shrimps,蟹与虾
train/images/crabs_and_shrimps/00216.jpg,train,2,crabs_and_shrimps,蟹与虾
train/images/crabs_and_shrimps/00217.jpg,train,2,crabs_and_shrimps,蟹与虾
valid/images/crabs_and_shrimps/00218.jpg,valid,2,crabs_and_shrimps,蟹与虾
train/images/crabs_and_shrimps/00219.jpg,train,2,crabs_and_shrimps,蟹与虾
train/images/crabs_and_shrimps/00220.jpg,train,2,crabs_and_shrimps,蟹与虾
train/images/crabs_and_shrimps/00221.jpg,train,2,crabs_and_shrimps,蟹与虾
train/images/crabs_and_shrimps/00222.jpg,train,2,crabs_and_shrimps,蟹与虾
train/images/crabs_and_shrimps/00223.jpg,train,2,crabs_and_shrimps,蟹与虾
valid/images/crabs_and_shrimps/00224.jpg,valid,2,crabs_and_shrimps,蟹与虾
train/images/crabs_and_shrimps/00225.jpg,train,2,crabs_and_shrimps,蟹与虾
train/images/crabs_and_shrimps/00226.jpg,train,2,crabs_and_shrimps,蟹与虾
train/images/crabs_and_shrimps/00227.jpg,train,2,crabs_and_shrimps,蟹与虾
valid/images/crabs_and_shrimps/00228.jpg,valid,2,crabs_and_shrimps,蟹与虾
train/images/crabs_and_shrimps/00229.jpg,train,2,crabs_and_shrimps,蟹与虾
valid/images/crabs_and_shrimps/00230.jpg,valid,2,crabs_and_shrimps,蟹与虾
valid/images/crabs_and_shrimps/00231.jpg,valid,2,crabs_and_shrimps,蟹与虾
train/images/crabs_and_shrimps/00232.jpg,train,2,crabs_and_shrimps,蟹与虾
train/images/crabs_and_shrimps/00233.jpg,train,2,crabs_and_shrimps,蟹与虾
train/images/crabs_and_shrimps/00234.jpg,train,2,crabs_and_shrimps,蟹与虾
valid/images/crabs_and_shrimps/00235.jpg,valid,2,crabs_and_shrimps,蟹与虾
train/images/crabs_and_shrimps/00236.jpg,train,2,crabs_and_shrimps,蟹与虾
train/images/crabs_and_shrimps/00237.jpg,train,2,crabs_and_shrimps,蟹与虾
train/images/crabs_and_shrimps/00238.jpg,train,2,crabs_and_shrimps,蟹与虾
train/images/crabs_and_shrimps/00239.jpg,train,2,crabs_and_shrimps,蟹与虾
train/images/crabs_and_shrimps/00240.jpg,train,2,crabs_and_shrimps,蟹与虾
train/images/crabs_and_shrimps/00241.jpg,train,2,crabs_and_shrimps,蟹与虾
train/images/crabs_and_shrimps/00242.jpg,train,2,crabs_and_shrimps,蟹与虾
train/images/crabs_and_shrimps/00243.jpg,train,2,crabs_and_shrimps,蟹与虾
train/images/crabs_and_shrimps/00244.jpg,train,2,crabs_and_shrimps,蟹与虾
train/images/crabs_and_shrimps/00245.jpg,train,2,crabs_and_shrimps,蟹与虾
train/images/crabs_and_shrimps/00246.jpg,train,2,crabs_and_shrimps,蟹与虾
train/images/crabs_and_shrimps/00247.jpg,train,2,crabs_and_shrimps,蟹与虾
train/images/crabs_and_shrimps/00248.jpg,train,2,crabs_and_shrimps,蟹与虾
train/images/crabs_and_shrimps/00249.jpg,train,2,crabs_and_shrimps,蟹与虾
train/images/crabs_and_shrimps/00250.jpg,train,2,crabs_and_shrimps,蟹与虾
train/images/crabs_and_shrimps/00251.jpg,train,2,crabs_and_shrimps,蟹与虾
valid/images/crabs_and_shrimps/00252.jpg,valid,2,crabs_and_shrimps,蟹与虾
train/images/crabs_and_shrimps/00253.jpg,train,2,crabs_and_shrimps,蟹与虾
train/images/crabs_and_shrimps/00254.jpg,train,2,crabs_and_shrimps,蟹与虾
train/images/crabs_and_shrimps/00255.jpg,train,2,crabs_and_shrimps,蟹与虾
valid/images/crabs_and_shrimps/00256.jpg,valid,2,crabs_and_shrimps,蟹与虾
train/images/crabs_and_shrimps/00257.jpg,train,2,crabs_and_shrimps,蟹与虾
train/images/crabs_and_shrimps/00258.jpg,train,2,crabs_and_shrimps,蟹与虾
train/images/crabs_and_shrimps/00259.jpg,train,2,crabs_and_shrimps,蟹与虾
train/images/crabs_and_shrimps/00260.jpg,train,2,crabs_and_shrimps,蟹与虾
train/images/crabs_and_shrimps/00261.jpg,train,2,crabs_and_shrimps,蟹与虾
train/images/crabs_and_shrimps/00262.jpg,train,2,crabs_and_shrimps,蟹与虾
valid/images/crabs_and_shrimps/00263.jpg,valid,2,crabs_and_shrimps,蟹与虾
train/images/crabs_and_shrimps/00264.jpg,train,2,crabs_and_shrimps,蟹与虾
train/images/crabs_and_shrimps/00265.jpg,train,2,crabs_and_shrimps,蟹与虾
train/images/crabs_and_shrimps/00266.jpg,train,2,crabs_and_shrimps,蟹与虾
train/images/crabs_and_shrimps/00267.jpg,train,2,crabs_and_shrimps,蟹与虾
train/images/crabs_and_shrimps/00268.jpg,train,2,crabs_and_shrimps,蟹与虾
valid/images/crabs_and_shrimps/00269.jpg,valid,2,crabs_and_shrimps,蟹与虾
train/images/crabs_and_shrimps/00270.jpg,train,2,crabs_and_shrimps,蟹与虾
train/images/crabs_and_shrimps/00271.jpg,train,2,crabs_and_shrimps,蟹与虾
train/images/crabs_and_shrimps/00272.jpg,train,2,crabs_and_shrimps,蟹与虾
train/images/crabs_and_shrimps/00273.jpg,train,2,crabs_and_shrimps,蟹与虾
valid/images/crabs_and_shrimps/00274.jpg,valid,2,crabs_and_shrimps,蟹与虾
valid/images/crabs_and_shrimps/00275.jpg,valid,2,crabs_and_shrimps,蟹与虾
valid/images/crabs_and_shrimps/00276.jpg,valid,2,crabs_and_shrimps,蟹与虾
train/images/crabs_and_shrimps/00277.jpg,train,2,crabs_and_shrimps,蟹与虾
train/images/crabs_and_shrimps/00278.jpg,train,2,crabs_and_shrimps,蟹与虾
train/images/crabs_and_shrimps/00279.jpg,train,2,crabs_and_shrimps,蟹与虾
train/images/crabs_and_shrimps/00280.jpg,train,2,crabs_and_shrimps,蟹与虾
train/images/crabs_and_shrimps/00281.jpg,train,2,crabs_and_shrimps,蟹与虾
train/images/crabs_and_shrimps/00282.jpg,train,2,crabs_and_shrimps,蟹与虾
train/images/crabs_and_shrimps/00283.jpg,train,2,crabs_and_shrimps,蟹与虾
train/images/crabs_and_shrimps/00284.jpg,train,2,crabs_and_shrimps,蟹与虾
train/images/crabs_and_shrimps/00285.jpg,train,2,crabs_and_shrimps,蟹与虾
train/images/crabs_and_shrimps/00286.jpg,train,2,crabs_and_shrimps,蟹与虾
valid/images/crabs_and_shrimps/00287.jpg,valid,2,crabs_and_shrimps,蟹与虾
train/images/crabs_and_shrimps/00288.jpg,train,2,crabs_and_shrimps,蟹与虾
train/images/crabs_and_shrimps/00289.jpg,train,2,crabs_and_shrimps,蟹与虾
valid/images/crabs_and_shrimps/00290.jpg,valid,2,crabs_and_shrimps,蟹与虾
train/images/crabs_and_shrimps/00291.jpg,train,2,crabs_and_shrimps,蟹与虾
train/images/crabs_and_shrimps/00292.jpg,train,2,crabs_and_shrimps,蟹与虾
train/images/crabs_and_shrimps/00293.jpg,train,2,crabs_and_shrimps,蟹与虾
train/images/crabs_and_shrimps/00294.jpg,train,2,crabs_and_shrimps,蟹与虾
train/images/crabs_and_shrimps/00295.jpg,train,2,crabs_and_shrimps,蟹与虾
train/images/crabs_and_shrimps/00296.jpg,train,2,crabs_and_shrimps,蟹与虾
valid/images/crabs_and_shrimps/00297.jpg,valid,2,crabs_and_shrimps,蟹与虾
valid/images/crabs_and_shrimps/00298.jpg,valid,2,crabs_and_shrimps,蟹与虾
train/images/crabs_and_shrimps/00299.jpg,train,2,crabs_and_shrimps,蟹与虾
train/images/damselflies/00300.jpg,train,3,damselflies,豆娘
train/images/damselflies/00301.jpg,train,3,damselflies,豆娘
train/images/damselflies/00302.jpg,train,3,damselflies,豆娘
train/images/damselflies/00303.jpg,train,3,damselflies,豆娘
valid/images/damselflies/00304.jpg,valid,3,damselflies,豆娘
valid/images/damselflies/00305.jpg,valid,3,damselflies,豆娘
train/images/damselflies/00306.jpg,train,3,damselflies,豆娘
train/images/damselflies/00307.jpg,train,3,damselflies,豆娘
train/images/damselflies/00308.jpg,train,3,damselflies,豆娘
train/images/damselflies/00309.jpg,train,3,damselflies,豆娘
train/images/damselflies/00310.jpg,train,3,damselflies,豆娘
train/images/damselflies/00311.jpg,train,3,damselflies,豆娘
train/images/damselflies/00312.jpg,train,3,damselflies,豆娘
valid/images/damselflies/00313.jpg,valid,3,damselflies,豆娘
train/images/damselflies/00314.jpg,train,3,damselflies,豆娘
train/images/damselflies/00315.jpg,train,3,damselflies,豆娘
train/images/damselflies/00316.jpg,train,3,damselflies,豆娘
train/images/damselflies/00317.jpg,train,3,damselflies,豆娘
valid/images/damselflies/00318.jpg,valid,3,damselflies,豆娘
train/images/damselflies/00319.jpg,train,3,damselflies,豆娘
train/images/damselflies/00320.jpg,train,3,damselflies,豆娘
train/images/damselflies/00321.jpg,train,3,damselflies,豆娘
train/images/damselflies/00322.jpg,train,3,damselflies,豆娘
train/images/damselflies/00323.jpg,train,3,damselflies,豆娘
valid/images/damselflies/00324.jpg,valid,3,damselflies,豆娘
train/images/damselflies/00325.jpg,train,3,damselflies,豆娘
train/images/damselflies/00326.jpg,train,3,damselflies,豆娘
train/images/damselflies/00327.jpg,train,3,damselflies,豆娘
train/images/damselflies/00328.jpg,train,3,damselflies,豆娘
train/images/damselflies/00329.jpg,train,3,damselflies,豆娘
train/images/damselflies/00330.jpg,train,3,damselflies,豆娘
train/images/damselflies/00331.jpg,train,3,damselflies,豆娘
train/images/damselflies/00332.jpg,train,3,damselflies,豆娘
valid/images/damselflies/00333.jpg,valid,3,damselflies,豆娘
train/images/damselflies/00334.jpg,train,3,damselflies,豆娘
train/images/damselflies/00335.jpg,train,3,damselflies,豆娘
train/images/damselflies/00336.jpg,train,3,damselflies,豆娘
train/images/damselflies/00337.jpg,train,3,damselflies,豆娘
train/images/damselflies/00338.jpg,train,3,damselflies,豆娘
train/images/damselflies/00339.jpg,train,3,damselflies,豆娘
train/images/damselflies/00340.jpg,train,3,damselflies,豆娘
train/images/damselflies/00341.jpg,train,3,damselflies,豆娘
valid/images/damselflies/00342.jpg,valid,3,damselflies,豆娘
valid/images/damselflies/00343.jpg,valid,3,damselflies,豆娘
train/images/damselflies/00344.jpg,train,3,damselflies,豆娘
train/images/damselflies/00345.jpg,train,3,damselflies,豆娘
train/images/damselflies/00346.jpg,train,3,damselflies,豆娘
train/images/damselflies/00347.jpg,train,3,damselflies,豆娘
train/images/damselflies/00348.jpg,train,3,damselflies,豆娘
train/images/damselflies/00349.jpg,train,3,damselflies,豆娘
train/images/damselflies/00350.jpg,train,3,damselflies,豆娘
train/images/damselflies/00351.jpg,train,3,damselflies,豆娘
train/images/damselflies/00352.jpg,train,3,damselflies,豆娘
valid/images/damselflies/00353.jpg,valid,3,damselflies,豆娘
train/images/damselflies/00354.jpg,train,3,damselflies,豆娘
valid/images/damselflies/00355.jpg,valid,3,damselflies,豆娘
train/images/damselflies/00356.jpg,train,3,damselflies,豆娘
train/images/damselflies/00357.jpg,train,3,damselflies,豆娘
valid/images/damselflies/00358.jpg,valid,3,damselflies,豆娘
train/images/damselflies/00359.jpg,train,3,damselflies,豆娘
train/images/damselflies/00360.jpg,train,3,damselflies,豆娘
train/images/damselflies/00361.jpg,train,3,damselflies,豆娘
train/images/damselflies/00362.jpg,train,3,damselflies,豆娘
train/images/damselflies/00363.jpg,train,3,damselflies,豆娘
train/images/damselflies/00364.jpg,train,3,damselflies,豆娘
train/images/damselflies/00365.jpg,train,3,damselflies,豆娘
train/images/damselflies/00366.jpg,train,3,damselflies,豆娘
train/images/damselflies/00367.jpg,train,3,damselflies,豆娘
valid/images/damselflies/00368.jpg,valid,3,damselflies,豆娘
train/images/damselflies/00369.jpg,train,3,damselflies,豆娘
train/images/damselflies/00370.jpg,train,3,damselflies,豆娘
train/images/damselflies/00371.jpg,train,3,damselflies,豆娘
train/images/damselflies/00372.jpg,train,3,damselflies,豆娘
train/images/damselflies/00373.jpg,train,3,damselflies,豆娘
train/images/damselflies/00374.jpg,train,3,damselflies,豆娘
valid/images/damselflies/00375.jpg,valid,3,damselflies,豆娘
train/images/damselflies/00376.jpg,train,3,damselflies,豆娘
train/images/damselflies/00377.jpg,train,3,damselflies,豆娘
train/images/damselflies/00378.jpg,train,3,damselflies,豆娘
train/images/damselflies/00379.jpg,train,3,damselflies,豆娘
train/images/damselflies/00380.jpg,train,3,damselflies,豆娘
train/images/damselflies/00381.jpg,train,3,damselflies,豆娘
train/images/damselflies/00382.jpg,train,3,damselflies,豆娘
train/images/damselflies/00383.jpg,train,3,damselflies,豆娘
train/images/damselflies/00384.jpg,train,3,damselflies,豆娘
train/images/damselflies/00385.jpg,train,3,damselflies,豆娘
valid/images/damselflies/00386.jpg,valid,3,damselflies,豆娘
train/images/damselflies/00387.jpg,train,3,damselflies,豆娘
train/images/damselflies/00388.jpg,train,3,damselflies,豆娘
train/images/damselflies/00389.jpg,train,3,damselflies,豆娘
train/images/damselflies/00390.jpg,train,3,damselflies,豆娘
train/images/damselflies/00391.jpg,train,3,damselflies,豆娘
train/images/damselflies/00392.jpg,train,3,damselflies,豆娘
train/images/damselflies/00393.jpg,train,3,damselflies,豆娘
valid/images/damselflies/00394.jpg,valid,3,damselflies,豆娘
train/images/damselflies/00395.jpg,train,3,damselflies,豆娘
train/images/damselflies/00396.jpg,train,3,damselflies,豆娘
train/images/damselflies/00397.jpg,train,3,damselflies,豆娘
train/images/damselflies/00398.jpg,train,3,damselflies,豆娘
train/images/damselflies/00399.jpg,train,3,damselflies,豆娘
train/images/dragonflies/00400.jpg,train,4,dragonflies,蜻蜓
train/images/dragonflies/00401.jpg,train,4,dragonflies,蜻蜓
train/images/dragonflies/00402.jpg,train,4,dragonflies,蜻蜓
train/images/dragonflies/00403.jpg,train,4,dragonflies,蜻蜓
train/images/dragonflies/00404.jpg,train,4,dragonflies,蜻蜓
valid/images/dragonflies/00405.jpg,valid,4,dragonflies,蜻蜓
valid/images/dragonflies/00406.jpg,valid,4,dragonflies,蜻蜓
train/images/dragonflies/00407.jpg,train,4,dragonflies,蜻蜓
train/images/dragonflies/00408.jpg,train,4,dragonflies,蜻蜓
train/images/dragonflies/00409.jpg,train,4,dragonflies,蜻蜓
train/images/dragonflies/00410.jpg,train,4,dragonflies,蜻蜓
train/images/dragonflies/00411.jpg,train,4,dragonflies,蜻蜓
train/images/dragonflies/00412.jpg,train,4,dragonflies,蜻蜓
train/images/dragonflies/00413.jpg,train,4,dragonflies,蜻蜓
valid/images/dragonflies/00414.jpg,valid,4,dragonflies,蜻蜓
valid/images/dragonflies/00415.jpg,valid,4,dragonflies,蜻蜓
train/images/dragonflies/00416.jpg,train,4,dragonflies,蜻蜓
train/images/dragonflies/00417.jpg,train,4,dragonflies,蜻蜓
train/images/dragonflies/00418.jpg,train,4,dragonflies,蜻蜓
valid/images/dragonflies/00419.jpg,valid,4,dragonflies,蜻蜓
train/images/dragonflies/00420.jpg,train,4,dragonflies,蜻蜓
train/images/dragonflies/00421.jpg,train,4,dragonflies,蜻蜓
valid/images/dragonflies/00422.jpg,valid,4,dragonflies,蜻蜓
train/images/dragonflies/00423.jpg,train,4,dragonflies,蜻蜓
train/images/dragonflies/00424.jpg,train,4,dragonflies,蜻蜓
train/images/dragonflies/00425.jpg,train,4,dragonflies,蜻蜓
train/images/dragonflies/00426.jpg,train,4,dragonflies,蜻蜓
valid/images/dragonflies/00427.jpg,valid,4,dragonflies,蜻蜓
train/images/dragonflies/00428.jpg,train,4,dragonflies,蜻蜓
train/images/dragonflies/00429.jpg,train,4,dragonflies,蜻蜓
valid/images/dragonflies/00430.jpg,valid,4,dragonflies,蜻蜓
train/images/dragonflies/00431.jpg,train,4,dragonflies,蜻蜓
valid/images/dragonflies/00432.jpg,valid,4,dragonflies,蜻蜓
train/images/dragonflies/00433.jpg,train,4,dragonflies,蜻蜓
train/images/dragonflies/00434.jpg,train,4,dragonflies,蜻蜓
valid/images/dragonflies/00435.jpg,valid,4,dragonflies,蜻蜓
train/images/dragonflies/00436.jpg,train,4,dragonflies,蜻蜓
train/images/dragonflies/00437.jpg,train,4,dragonflies,蜻蜓
train/images/dragonflies/00438.jpg,train,4,dragonflies,蜻蜓
train/images/dragonflies/00439.jpg,train,4,dragonflies,蜻蜓
train/images/dragonflies/00440.jpg,train,4,dragonflies,蜻蜓
train/images/dragonflies/00441.jpg,train,4,dragonflies,蜻蜓
train/images/dragonflies/00442.jpg,train,4,dragonflies,蜻蜓
train/images/dragonflies/00443.jpg,train,4,dragonflies,蜻蜓
train/images/dragonflies/00444.jpg,train,4,dragonflies,蜻蜓
train/images/dragonflies/00445.jpg,train,4,dragonflies,蜻蜓
train/images/dragonflies/00446.jpg,train,4,dragonflies,蜻蜓
train/images/dragonflies/00447.jpg,train,4,dragonflies,蜻蜓
train/images/dragonflies/00448.jpg,train,4,dragonflies,蜻蜓
train/images/dragonflies/00449.jpg,train,4,dragonflies,蜻蜓
train/images/dragonflies/00450.jpg,train,4,dragonflies,蜻蜓
train/images/dragonflies/00451.jpg,train,4,dragonflies,蜻蜓
train/images/dragonflies/00452.jpg,train,4,dragonflies,蜻蜓
train/images/dragonflies/00453.jpg,train,4,dragonflies,蜻蜓
train/images/dragonflies/00454.jpg,train,4,dragonflies,蜻蜓
train/images/dragonflies/00455.jpg,train,4,dragonflies,蜻蜓
train/images/dragonflies/00456.jpg,train,4,dragonflies,蜻蜓
train/images/dragonflies/00457.jpg,train,4,dragonflies,蜻蜓
train/images/dragonflies/00458.jpg,train,4,dragonflies,蜻蜓
train/images/dragonflies/00459.jpg,train,4,dragonflies,蜻蜓
valid/images/dragonflies/00460.jpg,valid,4,dragonflies,蜻蜓
train/images/dragonflies/00461.jpg,train,4,dragonflies,蜻蜓
train/images/dragonflies/00462.jpg,train,4,dragonflies,蜻蜓
train/images/dragonflies/00463.jpg,train,4,dragonflies,蜻蜓
train/images/dragonflies/00464.jpg,train,4,dragonflies,蜻蜓
valid/images/dragonflies/00465.jpg,valid,4,dragonflies,蜻蜓
train/images/dragonflies/00466.jpg,train,4,dragonflies,蜻蜓
train/images/dragonflies/00467.jpg,train,4,dragonflies,蜻蜓
train/images/dragonflies/00468.jpg,train,4,dragonflies,蜻蜓
valid/images/dragonflies/00469.jpg,valid,4,dragonflies,蜻蜓
train/images/dragonflies/00470.jpg,train,4,dragonflies,蜻蜓
train/images/dragonflies/00471.jpg,train,4,dragonflies,蜻蜓
train/images/dragonflies/00472.jpg,train,4,dragonflies,蜻蜓
train/images/dragonflies/00473.jpg,train,4,dragonflies,蜻蜓
train/images/dragonflies/00474.jpg,train,4,dragonflies,蜻蜓
train/images/dragonflies/00475.jpg,train,4,dragonflies,蜻蜓
train/images/dragonflies/00476.jpg,train,4,dragonflies,蜻蜓
train/images/dragonflies/00477.jpg,train,4,dragonflies,蜻蜓
train/images/dragonflies/00478.jpg,train,4,dragonflies,蜻蜓
train/images/dragonflies/00479.jpg,train,4,dragonflies,蜻蜓
train/images/dragonflies/00480.jpg,train,4,dragonflies,蜻蜓
valid/images/dragonflies/00481.jpg,valid,4,dragonflies,蜻蜓
train/images/dragonflies/00482.jpg,train,4,dragonflies,蜻蜓
train/images/dragonflies/00483.jpg,train,4,dragonflies,蜻蜓
train/images/dragonflies/00484.jpg,train,4,dragonflies,蜻蜓
train/images/dragonflies/00485.jpg,train,4,dragonflies,蜻蜓
train/images/dragonflies/00486.jpg,train,4,dragonflies,蜻蜓
train/images/dragonflies/00487.jpg,train,4,dragonflies,蜻蜓
train/images/dragonflies/00488.jpg,train,4,dragonflies,蜻蜓
train/images/dragonflies/00489.jpg,train,4,dragonflies,蜻蜓
train/images/dragonflies/00490.jpg,train,4,dragonflies,蜻蜓
train/images/dragonflies/00491.jpg,train,4,dragonflies,蜻蜓
train/images/dragonflies/00492.jpg,train,4,dragonflies,蜻蜓
valid/images/dragonflies/00493.jpg,valid,4,dragonflies,蜻蜓
train/images/dragonflies/00494.jpg,train,4,dragonflies,蜻蜓
train/images/dragonflies/00495.jpg,train,4,dragonflies,蜻蜓
train/images/dragonflies/00496.jpg,train,4,dragonflies,蜻蜓
valid/images/dragonflies/00497.jpg,valid,4,dragonflies,蜻蜓
train/images/dragonflies/00498.jpg,train,4,dragonflies,蜻蜓
valid/images/dragonflies/00499.jpg,valid,4,dragonflies,蜻蜓
train/images/flat_worms/00500.jpg,train,5,flat_worms,扁形虫
valid/images/flat_worms/00501.jpg,valid,5,flat_worms,扁形虫
train/images/flat_worms/00502.jpg,train,5,flat_worms,扁形虫
train/images/flat_worms/00503.jpg,train,5,flat_worms,扁形虫
valid/images/flat_worms/00504.jpg,valid,5,flat_worms,扁形虫
train/images/flat_worms/00505.jpg,train,5,flat_worms,扁形虫
valid/images/flat_worms/00506.jpg,valid,5,flat_worms,扁形虫
train/images/flat_worms/00507.jpg,train,5,flat_worms,扁形虫
valid/images/flat_worms/00508.jpg,valid,5,flat_worms,扁形虫
train/images/flat_worms/00509.jpg,train,5,flat_worms,扁形虫
train/images/flat_worms/00510.jpg,train,5,flat_worms,扁形虫
train/images/flat_worms/00511.jpg,train,5,flat_worms,扁形虫
train/images/flat_worms/00512.jpg,train,5,flat_worms,扁形虫
train/images/flat_worms/00513.jpg,train,5,flat_worms,扁形虫
train/images/flat_worms/00514.jpg,train,5,flat_worms,扁形虫
train/images/flat_worms/00515.jpg,train,5,flat_worms,扁形虫
train/images/flat_worms/00516.jpg,train,5,flat_worms,扁形虫
valid/images/flat_worms/00517.jpg,valid,5,flat_worms,扁形虫
valid/images/flat_worms/00518.jpg,valid,5,flat_worms,扁形虫
train/images/flat_worms/00519.jpg,train,5,flat_worms,扁形虫
train/images/flat_worms/00520.jpg,train,5,flat_worms,扁形虫
train/images/flat_worms/00521.jpg,train,5,flat_worms,扁形虫
train/images/flat_worms/00522.jpg,train,5,flat_worms,扁形虫
train/images/flat_worms/00523.jpg,train,5,flat_worms,扁形虫
train/images/flat_worms/00524.jpg,train,5,flat_worms,扁形虫
train/images/flat_worms/00525.jpg,train,5,flat_worms,扁形虫
train/images/flat_worms/00526.jpg,train,5,flat_worms,扁形虫
valid/images/flat_worms/00527.jpg,valid,5,flat_worms,扁形虫
valid/images/flat_worms/00528.jpg,valid,5,flat_worms,扁形虫
valid/images/flat_worms/00529.jpg,valid,5,flat_worms,扁形虫
valid/images/flat_worms/00530.jpg,valid,5,flat_worms,扁形虫
train/images/flat_worms/00531.jpg,train,5,flat_worms,扁形虫
train/images/flat_worms/00532.jpg,train,5,flat_worms,扁形虫
train/images/flat_worms/00533.jpg,train,5,flat_worms,扁形虫
train/images/flat_worms/00534.jpg,train,5,flat_worms,扁形虫
train/images/flat_worms/00535.jpg,train,5,flat_worms,扁形虫
valid/images/flat_worms/00536.jpg,valid,5,flat_worms,扁形虫
train/images/flat_worms/00537.jpg,train,5,flat_worms,扁形虫
train/images/flat_worms/00538.jpg,train,5,flat_worms,扁形虫
valid/images/flat_worms/00539.jpg,valid,5,flat_worms,扁形虫
train/images/flat_worms/00540.jpg,train,5,flat_worms,扁形虫
train/images/flat_worms/00541.jpg,train,5,flat_worms,扁形虫
valid/images/flat_worms/00542.jpg,valid,5,flat_worms,扁形虫
valid/images/flat_worms/00543.jpg,valid,5,flat_worms,扁形虫
train/images/flat_worms/00544.jpg,train,5,flat_worms,扁形虫
train/images/flat_worms/00545.jpg,train,5,flat_worms,扁形虫
train/images/flat_worms/00546.jpg,train,5,flat_worms,扁形虫
train/images/flat_worms/00547.jpg,train,5,flat_worms,扁形虫
train/images/flat_worms/00548.jpg,train,5,flat_worms,扁形虫
valid/images/flat_worms/00549.jpg,valid,5,flat_worms,扁形虫
train/images/flat_worms/00550.jpg,train,5,flat_worms,扁形虫
train/images/flat_worms/00551.jpg,train,5,flat_worms,扁形虫
valid/images/flat_worms/00552.jpg,valid,5,flat_worms,扁形虫
train/images/flat_worms/00553.jpg,train,5,flat_worms,扁形虫
train/images/flat_worms/00554.jpg,train,5,flat_worms,扁形虫
train/images/flat_worms/00555.jpg,train,5,flat_worms,扁形虫
valid/images/flat_worms/00556.jpg,valid,5,flat_worms,扁形虫
train/images/flat_worms/00557.jpg,train,5,flat_worms,扁形虫
train/images/flat_worms/00558.jpg,train,5,flat_worms,扁形虫
train/images/flat_worms/00559.jpg,train,5,flat_worms,扁形虫
train/images/flat_worms/00560.jpg,train,5,flat_worms,扁形虫
train/images/flat_worms/00561.jpg,train,5,flat_worms,扁形虫
train/images/flat_worms/00562.jpg,train,5,flat_worms,扁形虫
train/images/flat_worms/00563.jpg,train,5,flat_worms,扁形虫
train/images/flat_worms/00564.jpg,train,5,flat_worms,扁形虫
train/images/flat_worms/00565.jpg,train,5,flat_worms,扁形虫
valid/images/flat_worms/00566.jpg,valid,5,flat_worms,扁形虫
train/images/flat_worms/00567.jpg,train,5,flat_worms,扁形虫
train/images/flat_worms/00568.jpg,train,5,flat_worms,扁形虫
train/images/flat_worms/00569.jpg,train,5,flat_worms,扁形虫
train/images/flat_worms/00570.jpg,train,5,flat_worms,扁形虫
train/images/flat_worms/00571.jpg,train,5,flat_worms,扁形虫
train/images/flat_worms/00572.jpg,train,5,flat_worms,扁形虫
train/images/flat_worms/00573.jpg,train,5,flat_worms,扁形虫
train/images/flat_worms/00574.jpg,train,5,flat_worms,扁形虫
train/images/flat_worms/00575.jpg,train,5,flat_worms,扁形虫
train/images/flat_worms/00576.jpg,train,5,flat_worms,扁形虫
train/images/flat_worms/00577.jpg,train,5,flat_worms,扁形虫
train/images/flat_worms/00578.jpg,train,5,flat_worms,扁形虫
train/images/flat_worms/00579.jpg,train,5,flat_worms,扁形虫
train/images/flat_worms/00580.jpg,train,5,flat_worms,扁形虫
train/images/flat_worms/00581.jpg,train,5,flat_worms,扁形虫
train/images/flat_worms/00582.jpg,train,5,flat_worms,扁形虫
valid/images/flat_worms/00583.jpg,valid,5,flat_worms,扁形虫
train/images/flat_worms/00584.jpg,train,5,flat_worms,扁形虫
train/images/flat_worms/00585.jpg,train,5,flat_worms,扁形虫
train/images/flat_worms/00586.jpg,train,5,flat_worms,扁形虫
train/images/flat_worms/00587.jpg,train,5,flat_worms,扁形虫
train/images/flat_worms/00588.jpg,train,5,flat_worms,扁形虫
valid/images/flat_worms/00589.jpg,valid,5,flat_worms,扁形虫
train/images/flat_worms/00590.jpg,train,5,flat_worms,扁形虫
valid/images/flat_worms/00591.jpg,valid,5,flat_worms,扁形虫
train/images/flat_worms/00592.jpg,train,5,flat_worms,扁形虫
train/images/flat_worms/00593.jpg,train,5,flat_worms,扁形虫
train/images/flat_worms/00594.jpg,train,5,flat_worms,扁形虫
train/images/flat_worms/00595.jpg,train,5,flat_worms,扁形虫
train/images/flat_worms/00596.jpg,train,5,flat_worms,扁形虫
train/images/flat_worms/00597.jpg,train,5,flat_worms,扁形虫
valid/images/flat_worms/00598.jpg,valid,5,flat_worms,扁形虫
train/images/flat_worms/00599.jpg,train,5,flat_worms,扁形虫
valid/images/leeches/00600.jpg,valid,6,leeches,水蛭
train/images/leeches/00601.jpg,train,6,leeches,水蛭
train/images/leeches/00602.jpg,train,6,leeches,水蛭
train/images/leeches/00603.jpg,train,6,leeches,水蛭
train/images/leeches/00604.jpg,train,6,leeches,水蛭
train/images/leeches/00605.jpg,train,6,leeches,水蛭
train/images/leeches/00606.jpg,train,6,leeches,水蛭
train/images/leeches/00607.jpg,train,6,leeches,水蛭
valid/images/leeches/00608.jpg,valid,6,leeches,水蛭
train/images/leeches/00609.jpg,train,6,leeches,水蛭
train/images/leeches/00610.jpg,train,6,leeches,水蛭
train/images/leeches/00611.jpg,train,6,leeches,水蛭
train/images/leeches/00612.jpg,train,6,leeches,水蛭
train/images/leeches/00613.jpg,train,6,leeches,水蛭
train/images/leeches/00614.jpg,train,6,leeches,水蛭
train/images/leeches/00615.jpg,train,6,leeches,水蛭
train/images/leeches/00616.jpg,train,6,leeches,水蛭
train/images/leeches/00617.jpg,train,6,leeches,水蛭
train/images/leeches/00618.jpg,train,6,leeches,水蛭
train/images/leeches/00619.jpg,train,6,leeches,水蛭
train/images/leeches/00620.jpg,train,6,leeches,水蛭
valid/images/leeches/00621.jpg,valid,6,leeches,水蛭
valid/images/leeches/00622.jpg,valid,6,leeches,水蛭
valid/images/leeches/00623.jpg,valid,6,leeches,水蛭
train/images/leeches/00624.jpg,train,6,leeches,水蛭
train/images/leeches/00625.jpg,train,6,leeches,水蛭
valid/images/leeches/00626.jpg,valid,6,leeches,水蛭
train/images/leeches/00627.jpg,train,6,leeches,水蛭
train/images/leeches/00628.jpg,train,6,leeches,水蛭
train/images/leeches/00629.jpg,train,6,leeches,水蛭
train/images/leeches/00630.jpg,train,6,leeches,水蛭
train/images/leeches/00631.jpg,train,6,leeches,水蛭
train/images/leeches/00632.jpg,train,6,leeches,水蛭
valid/images/leeches/00633.jpg,valid,6,leeches,水蛭
valid/images/leeches/00634.jpg,valid,6,leeches,水蛭
train/images/leeches/00635.jpg,train,6,leeches,水蛭
valid/images/leeches/00636.jpg,valid,6,leeches,水蛭
valid/images/leeches/00637.jpg,valid,6,leeches,水蛭
train/images/leeches/00638.jpg,train,6,leeches,水蛭
train/images/leeches/00639.jpg,train,6,leeches,水蛭
train/images/leeches/00640.jpg,train,6,leeches,水蛭
train/images/leeches/00641.jpg,train,6,leeches,水蛭
train/images/leeches/00642.jpg,train,6,leeches,水蛭
valid/images/leeches/00643.jpg,valid,6,leeches,水蛭
train/images/leeches/00644.jpg,train,6,leeches,水蛭
train/images/leeches/00645.jpg,train,6,leeches,水蛭
train/images/leeches/00646.jpg,train,6,leeches,水蛭
train/images/leeches/00647.jpg,train,6,leeches,水蛭
train/images/leeches/00648.jpg,train,6,leeches,水蛭
train/images/leeches/00649.jpg,train,6,leeches,水蛭
valid/images/leeches/00650.jpg,valid,6,leeches,水蛭
valid/images/leeches/00651.jpg,valid,6,leeches,水蛭
train/images/leeches/00652.jpg,train,6,leeches,水蛭
train/images/leeches/00653.jpg,train,6,leeches,水蛭
train/images/leeches/00654.jpg,train,6,leeches,水蛭
train/images/leeches/00655.jpg,train,6,leeches,水蛭
valid/images/leeches/00656.jpg,valid,6,leeches,水蛭
train/images/leeches/00657.jpg,train,6,leeches,水蛭
valid/images/leeches/00658.jpg,valid,6,leeches,水蛭
valid/images/leeches/00659.jpg,valid,6,leeches,水蛭
train/images/leeches/00660.jpg,train,6,leeches,水蛭
train/images/leeches/00661.jpg,train,6,leeches,水蛭
train/images/leeches/00662.jpg,train,6,leeches,水蛭
valid/images/leeches/00663.jpg,valid,6,leeches,水蛭
train/images/leeches/00664.jpg,train,6,leeches,水蛭
train/images/leeches/00665.jpg,train,6,leeches,水蛭
train/images/leeches/00666.jpg,train,6,leeches,水蛭
train/images/leeches/00667.jpg,train,6,leeches,水蛭
train/images/leeches/00668.jpg,train,6,leeches,水蛭
train/images/leeches/00669.jpg,train,6,leeches,水蛭
train/images/leeches/00670.jpg,train,6,leeches,水蛭
train/images/leeches/00671.jpg,train,6,leeches,水蛭
train/images/leeches/00672.jpg,train,6,leeches,水蛭
train/images/leeches/00673.jpg,train,6,leeches,水蛭
train/images/leeches/00674.jpg,train,6,leeches,水蛭
train/images/leeches/00675.jpg,train,6,leeches,水蛭
train/images/leeches/00676.jpg,train,6,leeches,水蛭
train/images/leeches/00677.jpg,train,6,leeches,水蛭
train/images/leeches/00678.jpg,train,6,leeches,水蛭
train/images/leeches/00679.jpg,train,6,leeches,水蛭
train/images/leeches/00680.jpg,train,6,leeches,水蛭
valid/images/leeches/00681.jpg,valid,6,leeches,水蛭
valid/images/leeches/00682.jpg,valid,6,leeches,水蛭
valid/images/leeches/00683.jpg,valid,6,leeches,水蛭
valid/images/leeches/00684.jpg,valid,6,leeches,水蛭
train/images/leeches/00685.jpg,train,6,leeches,水蛭
train/images/leeches/00686.jpg,train,6,leeches,水蛭
train/images/leeches/00687.jpg,train,6,leeches,水蛭
train/images/leeches/00688.jpg,train,6,leeches,水蛭
train/images/leeches/00689.jpg,train,6,leeches,水蛭
train/images/leeches/00690.jpg,train,6,leeches,水蛭
train/images/leeches/00691.jpg,train,6,leeches,水蛭
train/images/leeches/00692.jpg,train,6,leeches,水蛭
train/images/leeches/00693.jpg,train,6,leeches,水蛭
train/images/leeches/00694.jpg,train,6,leeches,水蛭
train/images/leeches/00695.jpg,train,6,leeches,水蛭
train/images/leeches/00696.jpg,train,6,leeches,水蛭
train/images/leeches/00697.jpg,train,6,leeches,水蛭
train/images/leeches/00698.jpg,train,6,leeches,水蛭
train/images/leeches/00699.jpg,train,6,leeches,水蛭
train/images/minnow_mayflies/00700.jpg,train,7,minnow_mayflies,小蜉蝣
train/images/minnow_mayflies/00701.jpg,train,7,minnow_mayflies,小蜉蝣
train/images/minnow_mayflies/00702.jpg,train,7,minnow_mayflies,小蜉蝣
valid/images/minnow_mayflies/00703.jpg,valid,7,minnow_mayflies,小蜉蝣
valid/images/minnow_mayflies/00704.jpg,valid,7,minnow_mayflies,小蜉蝣
train/images/minnow_mayflies/00705.jpg,train,7,minnow_mayflies,小蜉蝣
train/images/minnow_mayflies/00706.jpg,train,7,minnow_mayflies,小蜉蝣
train/images/minnow_mayflies/00707.jpg,train,7,minnow_mayflies,小蜉蝣
train/images/minnow_mayflies/00708.jpg,train,7,minnow_mayflies,小蜉蝣
valid/images/minnow_mayflies/00709.jpg,valid,7,minnow_mayflies,小蜉蝣
train/images/minnow_mayflies/00710.jpg,train,7,minnow_mayflies,小蜉蝣
train/images/minnow_mayflies/00711.jpg,train,7,minnow_mayflies,小蜉蝣
train/images/minnow_mayflies/00712.jpg,train,7,minnow_mayflies,小蜉蝣
train/images/minnow_mayflies/00713.jpg,train,7,minnow_mayflies,小蜉蝣
train/images/minnow_mayflies/00714.jpg,train,7,minnow_mayflies,小蜉蝣
valid/images/minnow_mayflies/00715.jpg,valid,7,minnow_mayflies,小蜉蝣
valid/images/minnow_mayflies/00716.jpg,valid,7,minnow_mayflies,小蜉蝣
train/images/minnow_mayflies/00717.jpg,train,7,minnow_mayflies,小蜉蝣
train/images/minnow_mayflies/00718.jpg,train,7,minnow_mayflies,小蜉蝣
train/images/minnow_mayflies/00719.jpg,train,7,minnow_mayflies,小蜉蝣
valid/images/minnow_mayflies/00720.jpg,valid,7,minnow_mayflies,小蜉蝣
train/images/minnow_mayflies/00721.jpg,train,7,minnow_mayflies,小蜉蝣
train/images/minnow_mayflies/00722.jpg,train,7,minnow_mayflies,小蜉蝣
train/images/minnow_mayflies/00723.jpg,train,7,minnow_mayflies,小蜉蝣
train/images/minnow_mayflies/00724.jpg,train,7,minnow_mayflies,小蜉蝣
train/images/minnow_mayflies/00725.jpg,train,7,minnow_mayflies,小蜉蝣
train/images/minnow_mayflies/00726.jpg,train,7,minnow_mayflies,小蜉蝣
train/images/minnow_mayflies/00727.jpg,train,7,minnow_mayflies,小蜉蝣
valid/images/minnow_mayflies/00728.jpg,valid,7,minnow_mayflies,小蜉蝣
train/images/minnow_mayflies/00729.jpg,train,7,minnow_mayflies,小蜉蝣
train/images/minnow_mayflies/00730.jpg,train,7,minnow_mayflies,小蜉蝣
train/images/minnow_mayflies/00731.jpg,train,7,minnow_mayflies,小蜉蝣
train/images/minnow_mayflies/00732.jpg,train,7,minnow_mayflies,小蜉蝣
valid/images/minnow_mayflies/00733.jpg,valid,7,minnow_mayflies,小蜉蝣
train/images/minnow_mayflies/00734.jpg,train,7,minnow_mayflies,小蜉蝣
train/images/minnow_mayflies/00735.jpg,train,7,minnow_mayflies,小蜉蝣
train/images/minnow_mayflies/00736.jpg,train,7,minnow_mayflies,小蜉蝣
valid/images/minnow_mayflies/00737.jpg,valid,7,minnow_mayflies,小蜉蝣
train/images/minnow_mayflies/00738.jpg,train,7,minnow_mayflies,小蜉蝣
train/images/minnow_mayflies/00739.jpg,train,7,minnow_mayflies,小蜉蝣
train/images/minnow_mayflies/00740.jpg,train,7,minnow_mayflies,小蜉蝣
train/images/minnow_mayflies/00741.jpg,train,7,minnow_mayflies,小蜉蝣
train/images/minnow_mayflies/00742.jpg,train,7,minnow_mayflies,小蜉蝣
train/images/minnow_mayflies/00743.jpg,train,7,minnow_mayflies,小蜉蝣
train/images/minnow_mayflies/00744.jpg,train,7,minnow_mayflies,小蜉蝣
train/images/minnow_mayflies/00745.jpg,train,7,minnow_mayflies,小蜉蝣
train/images/minnow_mayflies/00746.jpg,train,7,minnow_mayflies,小蜉蝣
train/images/minnow_mayflies/00747.jpg,train,7,minnow_mayflies,小蜉蝣
train/images/minnow_mayflies/00748.jpg,train,7,minnow_mayflies,小蜉蝣
train/images/minnow_mayflies/00749.jpg,train,7,minnow_mayflies,小蜉蝣
train/images/minnow_mayflies/00750.jpg,train,7,minnow_mayflies,小蜉蝣
train/images/minnow_mayflies/00751.jpg,train,7,minnow_mayflies,小蜉蝣
train/images/minnow_mayflies/00752.jpg,train,7,minnow_mayflies,小蜉蝣
train/images/minnow_mayflies/00753.jpg,train,7,minnow_mayflies,小蜉蝣
train/images/minnow_mayflies/00754.jpg,train,7,minnow_mayflies,小蜉蝣
train/images/minnow_mayflies/00755.jpg,train,7,minnow_mayflies,小蜉蝣
train/images/minnow_mayflies/00756.jpg,train,7,minnow_mayflies,小蜉蝣
train/images/minnow_mayflies/00757.jpg,train,7,minnow_mayflies,小蜉蝣
valid/images/minnow_mayflies/00758.jpg,valid,7,minnow_mayflies,小蜉蝣
train/images/minnow_mayflies/00759.jpg,train,7,minnow_mayflies,小蜉蝣
train/images/minnow_mayflies/00760.jpg,train,7,minnow_mayflies,小蜉蝣
train/images/minnow_mayflies/00761.jpg,train,7,minnow_mayflies,小蜉蝣
train/images/minnow_mayflies/00762.jpg,train,7,minnow_mayflies,小蜉蝣
train/images/minnow_mayflies/00763.jpg,train,7,minnow_mayflies,小蜉蝣
train/images/minnow_mayflies/00764.jpg,train,7,minnow_mayflies,小蜉蝣
train/images/minnow_mayflies/00765.jpg,train,7,minnow_mayflies,小蜉蝣
train/images/minnow_mayflies/00766.jpg,train,7,minnow_mayflies,小蜉蝣
train/images/minnow_mayflies/00767.jpg,train,7,minnow_mayflies,小蜉蝣
valid/images/minnow_mayflies/00768.jpg,valid,7,minnow_mayflies,小蜉蝣
train/images/minnow_mayflies/00769.jpg,train,7,minnow_mayflies,小蜉蝣
train/images/minnow_mayflies/00770.jpg,train,7,minnow_mayflies,小蜉蝣
train/images/minnow_mayflies/00771.jpg,train,7,minnow_mayflies,小蜉蝣
valid/images/minnow_mayflies/00772.jpg,valid,7,minnow_mayflies,小蜉蝣
train/images/minnow_mayflies/00773.jpg,train,7,minnow_mayflies,小蜉蝣
train/images/minnow_mayflies/00774.jpg,train,7,minnow_mayflies,小蜉蝣
valid/images/minnow_mayflies/00775.jpg,valid,7,minnow_mayflies,小蜉蝣
train/images/minnow_mayflies/00776.jpg,train,7,minnow_mayflies,小蜉蝣
train/images/minnow_mayflies/00777.jpg,train,7,minnow_mayflies,小蜉蝣
train/images/minnow_mayflies/00778.jpg,train,7,minnow_mayflies,小蜉蝣
valid/images/minnow_mayflies/00779.jpg,valid,7,minnow_mayflies,小蜉蝣
train/images/minnow_mayflies/00780.jpg,train,7,minnow_mayflies,小蜉蝣
train/images/minnow_mayflies/00781.jpg,train,7,minnow_mayflies,小蜉蝣
train/images/minnow_mayflies/00782.jpg,train,7,minnow_mayflies,小蜉蝣
train/images/minnow_mayflies/00783.jpg,train,7,minnow_mayflies,小蜉蝣
train/images/minnow_mayflies/00784.jpg,train,7,minnow_mayflies,小蜉蝣
train/images/minnow_mayflies/00785.jpg,train,7,minnow_mayflies,小蜉蝣
train/images/minnow_mayflies/00786.jpg,train,7,minnow_mayflies,小蜉蝣
train/images/minnow_mayflies/00787.jpg,train,7,minnow_mayflies,小蜉蝣
train/images/minnow_mayflies/00788.jpg,train,7,minnow_mayflies,小蜉蝣
train/images/minnow_mayflies/00789.jpg,train,7,minnow_mayflies,小蜉蝣
train/images/minnow_mayflies/00790.jpg,train,7,minnow_mayflies,小蜉蝣
train/images/minnow_mayflies/00791.jpg,train,7,minnow_mayflies,小蜉蝣
train/images/minnow_mayflies/00792.jpg,train,7,minnow_mayflies,小蜉蝣
train/images/minnow_mayflies/00793.jpg,train,7,minnow_mayflies,小蜉蝣
train/images/minnow_mayflies/00794.jpg,train,7,minnow_mayflies,小蜉蝣
train/images/minnow_mayflies/00795.jpg,train,7,minnow_mayflies,小蜉蝣
train/images/minnow_mayflies/00796.jpg,train,7,minnow_mayflies,小蜉蝣
train/images/minnow_mayflies/00797.jpg,train,7,minnow_mayflies,小蜉蝣
train/images/minnow_mayflies/00798.jpg,train,7,minnow_mayflies,小蜉蝣
train/images/minnow_mayflies/00799.jpg,train,7,minnow_mayflies,小蜉蝣
train/images/other_mayflies/00800.jpg,train,8,other_mayflies,其他蜉蝣
train/images/other_mayflies/00801.jpg,train,8,other_mayflies,其他蜉蝣
train/images/other_mayflies/00802.jpg,train,8,other_mayflies,其他蜉蝣
train/images/other_mayflies/00803.jpg,train,8,other_mayflies,其他蜉蝣
train/images/other_mayflies/00804.jpg,train,8,other_mayflies,其他蜉蝣
valid/images/other_mayflies/00805.jpg,valid,8,other_mayflies,其他蜉蝣
train/images/other_mayflies/00806.jpg,train,8,other_mayflies,其他蜉蝣
train/images/other_mayflies/00807.jpg,train,8,other_mayflies,其他蜉蝣
train/images/other_mayflies/00808.jpg,train,8,other_mayflies,其他蜉蝣
train/images/other_mayflies/00809.jpg,train,8,other_mayflies,其他蜉蝣
train/images/other_mayflies/00810.jpg,train,8,other_mayflies,其他蜉蝣
train/images/other_mayflies/00811.jpg,train,8,other_mayflies,其他蜉蝣
valid/images/other_mayflies/00812.jpg,valid,8,other_mayflies,其他蜉蝣
train/images/other_mayflies/00813.jpg,train,8,other_mayflies,其他蜉蝣
train/images/other_mayflies/00814.jpg,train,8,other_mayflies,其他蜉蝣
train/images/other_mayflies/00815.jpg,train,8,other_mayflies,其他蜉蝣
train/images/other_mayflies/00816.jpg,train,8,other_mayflies,其他蜉蝣
valid/images/other_mayflies/00817.jpg,valid,8,other_mayflies,其他蜉蝣
train/images/other_mayflies/00818.jpg,train,8,other_mayflies,其他蜉蝣
train/images/other_mayflies/00819.jpg,train,8,other_mayflies,其他蜉蝣
train/images/other_mayflies/00820.jpg,train,8,other_mayflies,其他蜉蝣
train/images/other_mayflies/00821.jpg,train,8,other_mayflies,其他蜉蝣
train/images/other_mayflies/00822.jpg,train,8,other_mayflies,其他蜉蝣
train/images/other_mayflies/00823.jpg,train,8,other_mayflies,其他蜉蝣
train/images/other_mayflies/00824.jpg,train,8,other_mayflies,其他蜉蝣
train/images/other_mayflies/00825.jpg,train,8,other_mayflies,其他蜉蝣
valid/images/other_mayflies/00826.jpg,valid,8,other_mayflies,其他蜉蝣
train/images/other_mayflies/00827.jpg,train,8,other_mayflies,其他蜉蝣
train/images/other_mayflies/00828.jpg,train,8,other_mayflies,其他蜉蝣
train/images/other_mayflies/00829.jpg,train,8,other_mayflies,其他蜉蝣
train/images/other_mayflies/00830.jpg,train,8,other_mayflies,其他蜉蝣
train/images/other_mayflies/00831.jpg,train,8,other_mayflies,其他蜉蝣
train/images/other_mayflies/00832.jpg,train,8,other_mayflies,其他蜉蝣
train/images/other_mayflies/00833.jpg,train,8,other_mayflies,其他蜉蝣
train/images/other_mayflies/00834.jpg,train,8,other_mayflies,其他蜉蝣
train/images/other_mayflies/00835.jpg,train,8,other_mayflies,其他蜉蝣
train/images/other_mayflies/00836.jpg,train,8,other_mayflies,其他蜉蝣
valid/images/other_mayflies/00837.jpg,valid,8,other_mayflies,其他蜉蝣
train/images/other_mayflies/00838.jpg,train,8,other_mayflies,其他蜉蝣
train/images/other_mayflies/00839.jpg,train,8,other_mayflies,其他蜉蝣
train/images/other_mayflies/00840.jpg,train,8,other_mayflies,其他蜉蝣
train/images/other_mayflies/00841.jpg,train,8,other_mayflies,其他蜉蝣
train/images/other_mayflies/00842.jpg,train,8,other_mayflies,其他蜉蝣
train/images/other_mayflies/00843.jpg,train,8,other_mayflies,其他蜉蝣
train/images/other_mayflies/00844.jpg,train,8,other_mayflies,其他蜉蝣
train/images/other_mayflies/00845.jpg,train,8,other_mayflies,其他蜉蝣
train/images/other_mayflies/00846.jpg,train,8,other_mayflies,其他蜉蝣
train/images/other_mayflies/00847.jpg,train,8,other_mayflies,其他蜉蝣
train/images/other_mayflies/00848.jpg,train,8,other_mayflies,其他蜉蝣
train/images/other_mayflies/00849.jpg,train,8,other_mayflies,其他蜉蝣
train/images/other_mayflies/00850.jpg,train,8,other_mayflies,其他蜉蝣
valid/images/other_mayflies/00851.jpg,valid,8,other_mayflies,其他蜉蝣
valid/images/other_mayflies/00852.jpg,valid,8,other_mayflies,其他蜉蝣
train/images/other_mayflies/00853.jpg,train,8,other_mayflies,其他蜉蝣
train/images/other_mayflies/00854.jpg,train,8,other_mayflies,其他蜉蝣
train/images/other_mayflies/00855.jpg,train,8,other_mayflies,其他蜉蝣
train/images/other_mayflies/00856.jpg,train,8,other_mayflies,其他蜉蝣
train/images/other_mayflies/00857.jpg,train,8,other_mayflies,其他蜉蝣
valid/images/other_mayflies/00858.jpg,valid,8,other_mayflies,其他蜉蝣
train/images/other_mayflies/00859.jpg,train,8,other_mayflies,其他蜉蝣
train/images/other_mayflies/00860.jpg,train,8,other_mayflies,其他蜉蝣
train/images/other_mayflies/00861.jpg,train,8,other_mayflies,其他蜉蝣
train/images/other_mayflies/00862.jpg,train,8,other_mayflies,其他蜉蝣
train/images/other_mayflies/00863.jpg,train,8,other_mayflies,其他蜉蝣
valid/images/other_mayflies/00864.jpg,valid,8,other_mayflies,其他蜉蝣
train/images/other_mayflies/00865.jpg,train,8,other_mayflies,其他蜉蝣
train/images/other_mayflies/00866.jpg,train,8,other_mayflies,其他蜉蝣
train/images/other_mayflies/00867.jpg,train,8,other_mayflies,其他蜉蝣
valid/images/other_mayflies/00868.jpg,valid,8,other_mayflies,其他蜉蝣
train/images/other_mayflies/00869.jpg,train,8,other_mayflies,其他蜉蝣
train/images/other_mayflies/00870.jpg,train,8,other_mayflies,其他蜉蝣
train/images/other_mayflies/00871.jpg,train,8,other_mayflies,其他蜉蝣
valid/images/other_mayflies/00872.jpg,valid,8,other_mayflies,其他蜉蝣
valid/images/other_mayflies/00873.jpg,valid,8,other_mayflies,其他蜉蝣
train/images/other_mayflies/00874.jpg,train,8,other_mayflies,其他蜉蝣
train/images/other_mayflies/00875.jpg,train,8,other_mayflies,其他蜉蝣
train/images/other_mayflies/00876.jpg,train,8,other_mayflies,其他蜉蝣
train/images/other_mayflies/00877.jpg,train,8,other_mayflies,其他蜉蝣
valid/images/other_mayflies/00878.jpg,valid,8,other_mayflies,其他蜉蝣
train/images/other_mayflies/00879.jpg,train,8,other_mayflies,其他蜉蝣
train/images/other_mayflies/00880.jpg,train,8,other_mayflies,其他蜉蝣
train/images/other_mayflies/00881.jpg,train,8,other_mayflies,其他蜉蝣
valid/images/other_mayflies/00882.jpg,valid,8,other_mayflies,其他蜉蝣
train/images/other_mayflies/00883.jpg,train,8,other_mayflies,其他蜉蝣
train/images/other_mayflies/00884.jpg,train,8,other_mayflies,其他蜉蝣
train/images/other_mayflies/00885.jpg,train,8,other_mayflies,其他蜉蝣
valid/images/other_mayflies/00886.jpg,valid,8,other_mayflies,其他蜉蝣
train/images/other_mayflies/00887.jpg,train,8,other_mayflies,其他蜉蝣
train/images/other_mayflies/00888.jpg,train,8,other_mayflies,其他蜉蝣
train/images/other_mayflies/00889.jpg,train,8,other_mayflies,其他蜉蝣
train/images/other_mayflies/00890.jpg,train,8,other_mayflies,其他蜉蝣
train/images/other_mayflies/00891.jpg,train,8,other_mayflies,其他蜉蝣
train/images/other_mayflies/00892.jpg,train,8,other_mayflies,其他蜉蝣
train/images/other_mayflies/00893.jpg,train,8,other_mayflies,其他蜉蝣
valid/images/other_mayflies/00894.jpg,valid,8,other_mayflies,其他蜉蝣
train/images/other_mayflies/00895.jpg,train,8,other_mayflies,其他蜉蝣
train/images/other_mayflies/00896.jpg,train,8,other_mayflies,其他蜉蝣
train/images/other_mayflies/00897.jpg,train,8,other_mayflies,其他蜉蝣
train/images/other_mayflies/00898.jpg,train,8,other_mayflies,其他蜉蝣
train/images/other_mayflies/00899.jpg,train,8,other_mayflies,其他蜉蝣
train/images/snails_clams_mussels/00900.jpg,train,9,snails_clams_mussels,螺、蚌、贻贝
train/images/snails_clams_mussels/00901.jpg,train,9,snails_clams_mussels,螺、蚌、贻贝
train/images/snails_clams_mussels/00902.jpg,train,9,snails_clams_mussels,螺、蚌、贻贝
train/images/snails_clams_mussels/00903.jpg,train,9,snails_clams_mussels,螺、蚌、贻贝
train/images/snails_clams_mussels/00904.jpg,train,9,snails_clams_mussels,螺、蚌、贻贝
train/images/snails_clams_mussels/00905.jpg,train,9,snails_clams_mussels,螺、蚌、贻贝
train/images/snails_clams_mussels/00906.jpg,train,9,snails_clams_mussels,螺、蚌、贻贝
train/images/snails_clams_mussels/00907.jpg,train,9,snails_clams_mussels,螺、蚌、贻贝
valid/images/snails_clams_mussels/00908.jpg,valid,9,snails_clams_mussels,螺、蚌、贻贝
train/images/snails_clams_mussels/00909.jpg,train,9,snails_clams_mussels,螺、蚌、贻贝
train/images/snails_clams_mussels/00910.jpg,train,9,snails_clams_mussels,螺、蚌、贻贝
train/images/snails_clams_mussels/00911.jpg,train,9,snails_clams_mussels,螺、蚌、贻贝
train/images/snails_clams_mussels/00912.jpg,train,9,snails_clams_mussels,螺、蚌、贻贝
train/images/snails_clams_mussels/00913.jpg,train,9,snails_clams_mussels,螺、蚌、贻贝
train/images/snails_clams_mussels/00914.jpg,train,9,snails_clams_mussels,螺、蚌、贻贝
train/images/snails_clams_mussels/00915.jpg,train,9,snails_clams_mussels,螺、蚌、贻贝
train/images/snails_clams_mussels/00916.jpg,train,9,snails_clams_mussels,螺、蚌、贻贝
train/images/snails_clams_mussels/00917.jpg,train,9,snails_clams_mussels,螺、蚌、贻贝
train/images/snails_clams_mussels/00918.jpg,train,9,snails_clams_mussels,螺、蚌、贻贝
train/images/snails_clams_mussels/00919.jpg,train,9,snails_clams_mussels,螺、蚌、贻贝
train/images/snails_clams_mussels/00920.jpg,train,9,snails_clams_mussels,螺、蚌、贻贝
train/images/snails_clams_mussels/00921.jpg,train,9,snails_clams_mussels,螺、蚌、贻贝
train/images/snails_clams_mussels/00922.jpg,train,9,snails_clams_mussels,螺、蚌、贻贝
train/images/snails_clams_mussels/00923.jpg,train,9,snails_clams_mussels,螺、蚌、贻贝
train/images/snails_clams_mussels/00924.jpg,train,9,snails_clams_mussels,螺、蚌、贻贝
train/images/snails_clams_mussels/00925.jpg,train,9,snails_clams_mussels,螺、蚌、贻贝
train/images/snails_clams_mussels/00926.jpg,train,9,snails_clams_mussels,螺、蚌、贻贝
train/images/snails_clams_mussels/00927.jpg,train,9,snails_clams_mussels,螺、蚌、贻贝
train/images/snails_clams_mussels/00928.jpg,train,9,snails_clams_mussels,螺、蚌、贻贝
valid/images/snails_clams_mussels/00929.jpg,valid,9,snails_clams_mussels,螺、蚌、贻贝
train/images/snails_clams_mussels/00930.jpg,train,9,snails_clams_mussels,螺、蚌、贻贝
train/images/snails_clams_mussels/00931.jpg,train,9,snails_clams_mussels,螺、蚌、贻贝
valid/images/snails_clams_mussels/00932.jpg,valid,9,snails_clams_mussels,螺、蚌、贻贝
valid/images/snails_clams_mussels/00933.jpg,valid,9,snails_clams_mussels,螺、蚌、贻贝
train/images/snails_clams_mussels/00934.jpg,train,9,snails_clams_mussels,螺、蚌、贻贝
train/images/snails_clams_mussels/00935.jpg,train,9,snails_clams_mussels,螺、蚌、贻贝
train/images/snails_clams_mussels/00936.jpg,train,9,snails_clams_mussels,螺、蚌、贻贝
train/images/snails_clams_mussels/00937.jpg,train,9,snails_clams_mussels,螺、蚌、贻贝
train/images/snails_clams_mussels/00938.jpg,train,9,snails_clams_mussels,螺、蚌、贻贝
train/images/snails_clams_mussels/00939.jpg,train,9,snails_clams_mussels,螺、蚌、贻贝
train/images/snails_clams_mussels/00940.jpg,train,9,snails_clams_mussels,螺、蚌、贻贝
train/images/snails_clams_mussels/00941.jpg,train,9,snails_clams_mussels,螺、蚌、贻贝
train/images/snails_clams_mussels/00942.jpg,train,9,snails_clams_mussels,螺、蚌、贻贝
train/images/snails_clams_mussels/00943.jpg,train,9,snails_clams_mussels,螺、蚌、贻贝
train/images/snails_clams_mussels/00944.jpg,train,9,snails_clams_mussels,螺、蚌、贻贝
valid/images/snails_clams_mussels/00945.jpg,valid,9,snails_clams_mussels,螺、蚌、贻贝
train/images/snails_clams_mussels/00946.jpg,train,9,snails_clams_mussels,螺、蚌、贻贝
valid/images/snails_clams_mussels/00947.jpg,valid,9,snails_clams_mussels,螺、蚌、贻贝
train/images/snails_clams_mussels/00948.jpg,train,9,snails_clams_mussels,螺、蚌、贻贝
train/images/snails_clams_mussels/00949.jpg,train,9,snails_clams_mussels,螺、蚌、贻贝
train/images/snails_clams_mussels/00950.jpg,train,9,snails_clams_mussels,螺、蚌、贻贝
train/images/snails_clams_mussels/00951.jpg,train,9,snails_clams_mussels,螺、蚌、贻贝
train/images/snails_clams_mussels/00952.jpg,train,9,snails_clams_mussels,螺、蚌、贻贝
train/images/snails_clams_mussels/00953.jpg,train,9,snails_clams_mussels,螺、蚌、贻贝
train/images/snails_clams_mussels/00954.jpg,train,9,snails_clams_mussels,螺、蚌、贻贝
train/images/snails_clams_mussels/00955.jpg,train,9,snails_clams_mussels,螺、蚌、贻贝
valid/images/snails_clams_mussels/00956.jpg,valid,9,snails_clams_mussels,螺、蚌、贻贝
train/images/snails_clams_mussels/00957.jpg,train,9,snails_clams_mussels,螺、蚌、贻贝
train/images/snails_clams_mussels/00958.jpg,train,9,snails_clams_mussels,螺、蚌、贻贝
train/images/snails_clams_mussels/00959.jpg,train,9,snails_clams_mussels,螺、蚌、贻贝
train/images/snails_clams_mussels/00960.jpg,train,9,snails_clams_mussels,螺、蚌、贻贝
train/images/snails_clams_mussels/00961.jpg,train,9,snails_clams_mussels,螺、蚌、贻贝
train/images/snails_clams_mussels/00962.jpg,train,9,snails_clams_mussels,螺、蚌、贻贝
train/images/snails_clams_mussels/00963.jpg,train,9,snails_clams_mussels,螺、蚌、贻贝
valid/images/snails_clams_mussels/00964.jpg,valid,9,snails_clams_mussels,螺、蚌、贻贝
train/images/snails_clams_mussels/00965.jpg,train,9,snails_clams_mussels,螺、蚌、贻贝
valid/images/snails_clams_mussels/00966.jpg,valid,9,snails_clams_mussels,螺、蚌、贻贝
train/images/snails_clams_mussels/00967.jpg,train,9,snails_clams_mussels,螺、蚌、贻贝
train/images/snails_clams_mussels/00968.jpg,train,9,snails_clams_mussels,螺、蚌、贻贝
train/images/snails_clams_mussels/00969.jpg,train,9,snails_clams_mussels,螺、蚌、贻贝
train/images/snails_clams_mussels/00970.jpg,train,9,snails_clams_mussels,螺、蚌、贻贝
valid/images/snails_clams_mussels/00971.jpg,valid,9,snails_clams_mussels,螺、蚌、贻贝
train/images/snails_clams_mussels/00972.jpg,train,9,snails_clams_mussels,螺、蚌、贻贝
train/images/snails_clams_mussels/00973.jpg,train,9,snails_clams_mussels,螺、蚌、贻贝
train/images/snails_clams_mussels/00974.jpg,train,9,snails_clams_mussels,螺、蚌、贻贝
train/images/snails_clams_mussels/00975.jpg,train,9,snails_clams_mussels,螺、蚌、贻贝
valid/images/snails_clams_mussels/00976.jpg,valid,9,snails_clams_mussels,螺、蚌、贻贝
train/images/snails_clams_mussels/00977.jpg,train,9,snails_clams_mussels,螺、蚌、贻贝
train/images/snails_clams_mussels/00978.jpg,train,9,snails_clams_mussels,螺、蚌、贻贝
train/images/snails_clams_mussels/00979.jpg,train,9,snails_clams_mussels,螺、蚌、贻贝
valid/images/snails_clams_mussels/00980.jpg,valid,9,snails_clams_mussels,螺、蚌、贻贝
train/images/snails_clams_mussels/00981.jpg,train,9,snails_clams_mussels,螺、蚌、贻贝
valid/images/snails_clams_mussels/00982.jpg,valid,9,snails_clams_mussels,螺、蚌、贻贝
train/images/snails_clams_mussels/00983.jpg,train,9,snails_clams_mussels,螺、蚌、贻贝
train/images/snails_clams_mussels/00984.jpg,train,9,snails_clams_mussels,螺、蚌、贻贝
train/images/snails_clams_mussels/00985.jpg,train,9,snails_clams_mussels,螺、蚌、贻贝
train/images/snails_clams_mussels/00986.jpg,train,9,snails_clams_mussels,螺、蚌、贻贝
train/images/snails_clams_mussels/00987.jpg,train,9,snails_clams_mussels,螺、蚌、贻贝
train/images/snails_clams_mussels/00988.jpg,train,9,snails_clams_mussels,螺、蚌、贻贝
valid/images/snails_clams_mussels/00989.jpg,valid,9,snails_clams_mussels,螺、蚌、贻贝
train/images/snails_clams_mussels/00990.jpg,train,9,snails_clams_mussels,螺、蚌、贻贝
valid/images/snails_clams_mussels/00991.jpg,valid,9,snails_clams_mussels,螺、蚌、贻贝
train/images/snails_clams_mussels/00992.jpg,train,9,snails_clams_mussels,螺、蚌、贻贝
train/images/snails_clams_mussels/00993.jpg,train,9,snails_clams_mussels,螺、蚌、贻贝
train/images/snails_clams_mussels/00994.jpg,train,9,snails_clams_mussels,螺、蚌、贻贝
valid/images/snails_clams_mussels/00995.jpg,valid,9,snails_clams_mussels,螺、蚌、贻贝
train/images/snails_clams_mussels/00996.jpg,train,9,snails_clams_mussels,螺、蚌、贻贝
train/images/snails_clams_mussels/00997.jpg,train,9,snails_clams_mussels,螺、蚌、贻贝
train/images/snails_clams_mussels/00998.jpg,train,9,snails_clams_mussels,螺、蚌、贻贝
train/images/snails_clams_mussels/00999.jpg,train,9,snails_clams_mussels,螺、蚌、贻贝
valid/images/stoneflies/01000.jpg,valid,10,stoneflies,石蛾
train/images/stoneflies/01001.jpg,train,10,stoneflies,石蛾
train/images/stoneflies/01002.jpg,train,10,stoneflies,石蛾
train/images/stoneflies/01003.jpg,train,10,stoneflies,石蛾
train/images/stoneflies/01004.jpg,train,10,stoneflies,石蛾
train/images/stoneflies/01005.jpg,train,10,stoneflies,石蛾
valid/images/stoneflies/01006.jpg,valid,10,stoneflies,石蛾
valid/images/stoneflies/01007.jpg,valid,10,stoneflies,石蛾
train/images/stoneflies/01008.jpg,train,10,stoneflies,石蛾
train/images/stoneflies/01009.jpg,train,10,stoneflies,石蛾
train/images/stoneflies/01010.jpg,train,10,stoneflies,石蛾
train/images/stoneflies/01011.jpg,train,10,stoneflies,石蛾
train/images/stoneflies/01012.jpg,train,10,stoneflies,石蛾
valid/images/stoneflies/01013.jpg,valid,10,stoneflies,石蛾
train/images/stoneflies/01014.jpg,train,10,stoneflies,石蛾
train/images/stoneflies/01015.jpg,train,10,stoneflies,石蛾
valid/images/stoneflies/01016.jpg,valid,10,stoneflies,石蛾
train/images/stoneflies/01017.jpg,train,10,stoneflies,石蛾
valid/images/stoneflies/01018.jpg,valid,10,stoneflies,石蛾
train/images/stoneflies/01019.jpg,train,10,stoneflies,石蛾
train/images/stoneflies/01020.jpg,train,10,stoneflies,石蛾
train/images/stoneflies/01021.jpg,train,10,stoneflies,石蛾
train/images/stoneflies/01022.jpg,train,10,stoneflies,石蛾
train/images/stoneflies/01023.jpg,train,10,stoneflies,石蛾
valid/images/stoneflies/01024.jpg,valid,10,stoneflies,石蛾
train/images/stoneflies/01025.jpg,train,10,stoneflies,石蛾
valid/images/stoneflies/01026.jpg,valid,10,stoneflies,石蛾
train/images/stoneflies/01027.jpg,train,10,stoneflies,石蛾
valid/images/stoneflies/01028.jpg,valid,10,stoneflies,石蛾
valid/images/stoneflies/01029.jpg,valid,10,stoneflies,石蛾
train/images/stoneflies/01030.jpg,train,10,stoneflies,石蛾
valid/images/stoneflies/01031.jpg,valid,10,stoneflies,石蛾
train/images/stoneflies/01032.jpg,train,10,stoneflies,石蛾
valid/images/stoneflies/01033.jpg,valid,10,stoneflies,石蛾
valid/images/stoneflies/01034.jpg,valid,10,stoneflies,石蛾
train/images/stoneflies/01035.jpg,train,10,stoneflies,石蛾
train/images/stoneflies/01036.jpg,train,10,stoneflies,石蛾
train/images/stoneflies/01037.jpg,train,10,stoneflies,石蛾
valid/images/stoneflies/01038.jpg,valid,10,stoneflies,石蛾
valid/images/stoneflies/01039.jpg,valid,10,stoneflies,石蛾
train/images/stoneflies/01040.jpg,train,10,stoneflies,石蛾
train/images/stoneflies/01041.jpg,train,10,stoneflies,石蛾
train/images/stoneflies/01042.jpg,train,10,stoneflies,石蛾
train/images/stoneflies/01043.jpg,train,10,stoneflies,石蛾
train/images/stoneflies/01044.jpg,train,10,stoneflies,石蛾
train/images/stoneflies/01045.jpg,train,10,stoneflies,石蛾
valid/images/stoneflies/01046.jpg,valid,10,stoneflies,石蛾
train/images/stoneflies/01047.jpg,train,10,stoneflies,石蛾
train/images/stoneflies/01048.jpg,train,10,stoneflies,石蛾
valid/images/stoneflies/01049.jpg,valid,10,stoneflies,石蛾
train/images/stoneflies/01050.jpg,train,10,stoneflies,石蛾
train/images/stoneflies/01051.jpg,train,10,stoneflies,石蛾
train/images/stoneflies/01052.jpg,train,10,stoneflies,石蛾
train/images/stoneflies/01053.jpg,train,10,stoneflies,石蛾
train/images/stoneflies/01054.jpg,train,10,stoneflies,石蛾
valid/images/stoneflies/01055.jpg,valid,10,stoneflies,石蛾
train/images/stoneflies/01056.jpg,train,10,stoneflies,石蛾
train/images/stoneflies/01057.jpg,train,10,stoneflies,石蛾
train/images/stoneflies/01058.jpg,train,10,stoneflies,石蛾
train/images/stoneflies/01059.jpg,train,10,stoneflies,石蛾
train/images/stoneflies/01060.jpg,train,10,stoneflies,石蛾
valid/images/stoneflies/01061.jpg,valid,10,stoneflies,石蛾
valid/images/stoneflies/01062.jpg,valid,10,stoneflies,石蛾
train/images/stoneflies/01063.jpg,train,10,stoneflies,石蛾
valid/images/stoneflies/01064.jpg,valid,10,stoneflies,石蛾
train/images/stoneflies/01065.jpg,train,10,stoneflies,石蛾
train/images/stoneflies/01066.jpg,train,10,stoneflies,石蛾
train/images/stoneflies/01067.jpg,train,10,stoneflies,石蛾
train/images/stoneflies/01068.jpg,train,10,stoneflies,石蛾
train/images/stoneflies/01069.jpg,train,10,stoneflies,石蛾
train/images/stoneflies/01070.jpg,train,10,stoneflies,石蛾
train/images/stoneflies/01071.jpg,train,10,stoneflies,石蛾
train/images/stoneflies/01072.jpg,train,10,stoneflies,石蛾
valid/images/stoneflies/01073.jpg,valid,10,stoneflies,石蛾
train/images/stoneflies/01074.jpg,train,10,stoneflies,石蛾
train/images/stoneflies/01075.jpg,train,10,stoneflies,石蛾
train/images/stoneflies/01076.jpg,train,10,stoneflies,石蛾
train/images/stoneflies/01077.jpg,train,10,stoneflies,石蛾
train/images/stoneflies/01078.jpg,train,10,stoneflies,石蛾
train/images/stoneflies/01079.jpg,train,10,stoneflies,石蛾
train/images/stoneflies/01080.jpg,train,10,stoneflies,石蛾
train/images/stoneflies/01081.jpg,train,10,stoneflies,石蛾
train/images/stoneflies/01082.jpg,train,10,stoneflies,石蛾
train/images/stoneflies/01083.jpg,train,10,stoneflies,石蛾
train/images/stoneflies/01084.jpg,train,10,stoneflies,石蛾
valid/images/stoneflies/01085.jpg,valid,10,stoneflies,石蛾
train/images/stoneflies/01086.jpg,train,10,stoneflies,石蛾
train/images/stoneflies/01087.jpg,train,10,stoneflies,石蛾
train/images/stoneflies/01088.jpg,train,10,stoneflies,石蛾
valid/images/stoneflies/01089.jpg,valid,10,stoneflies,石蛾
train/images/stoneflies/01090.jpg,train,10,stoneflies,石蛾
valid/images/stoneflies/01091.jpg,valid,10,stoneflies,石蛾
train/images/stoneflies/01092.jpg,train,10,stoneflies,石蛾
valid/images/stoneflies/01093.jpg,valid,10,stoneflies,石蛾
valid/images/stoneflies/01094.jpg,valid,10,stoneflies,石蛾
train/images/stoneflies/01095.jpg,train,10,stoneflies,石蛾
train/images/stoneflies/01096.jpg,train,10,stoneflies,石蛾
train/images/stoneflies/01097.jpg,train,10,stoneflies,石蛾
train/images/stoneflies/01098.jpg,train,10,stoneflies,石蛾
train/images/stoneflies/01099.jpg,train,10,stoneflies,石蛾
train/images/true_flies/01100.jpg,train,11,true_flies,真蝇
valid/images/true_flies/01101.jpg,valid,11,true_flies,真蝇
train/images/true_flies/01102.jpg,train,11,true_flies,真蝇
train/images/true_flies/01103.jpg,train,11,true_flies,真蝇
train/images/true_flies/01104.jpg,train,11,true_flies,真蝇
train/images/true_flies/01105.jpg,train,11,true_flies,真蝇
train/images/true_flies/01106.jpg,train,11,true_flies,真蝇
train/images/true_flies/01107.jpg,train,11,true_flies,真蝇
train/images/true_flies/01108.jpg,train,11,true_flies,真蝇
train/images/true_flies/01109.jpg,train,11,true_flies,真蝇
train/images/true_flies/01110.jpg,train,11,true_flies,真蝇
train/images/true_flies/01111.jpg,train,11,true_flies,真蝇
train/images/true_flies/01112.jpg,train,11,true_flies,真蝇
train/images/true_flies/01113.jpg,train,11,true_flies,真蝇
valid/images/true_flies/01114.jpg,valid,11,true_flies,真蝇
train/images/true_flies/01115.jpg,train,11,true_flies,真蝇
train/images/true_flies/01116.jpg,train,11,true_flies,真蝇
train/images/true_flies/01117.jpg,train,11,true_flies,真蝇
train/images/true_flies/01118.jpg,train,11,true_flies,真蝇
train/images/true_flies/01119.jpg,train,11,true_flies,真蝇
train/images/true_flies/01120.jpg,train,11,true_flies,真蝇
train/images/true_flies/01121.jpg,train,11,true_flies,真蝇
train/images/true_flies/01122.jpg,train,11,true_flies,真蝇
train/images/true_flies/01123.jpg,train,11,true_flies,真蝇
train/images/true_flies/01124.jpg,train,11,true_flies,真蝇
valid/images/true_flies/01125.jpg,valid,11,true_flies,真蝇
train/images/true_flies/01126.jpg,train,11,true_flies,真蝇
train/images/true_flies/01127.jpg,train,11,true_flies,真蝇
train/images/true_flies/01128.jpg,train,11,true_flies,真蝇
valid/images/true_flies/01129.jpg,valid,11,true_flies,真蝇
train/images/true_flies/01130.jpg,train,11,true_flies,真蝇
train/images/true_flies/01131.jpg,train,11,true_flies,真蝇
train/images/true_flies/01132.jpg,train,11,true_flies,真蝇
valid/images/true_flies/01133.jpg,valid,11,true_flies,真蝇
train/images/true_flies/01134.jpg,train,11,true_flies,真蝇
train/images/true_flies/01135.jpg,train,11,true_flies,真蝇
train/images/true_flies/01136.jpg,train,11,true_flies,真蝇
valid/images/true_flies/01137.jpg,valid,11,true_flies,真蝇
train/images/true_flies/01138.jpg,train,11,true_flies,真蝇
valid/images/true_flies/01139.jpg,valid,11,true_flies,真蝇
train/images/true_flies/01140.jpg,train,11,true_flies,真蝇
train/images/true_flies/01141.jpg,train,11,true_flies,真蝇
train/images/true_flies/01142.jpg,train,11,true_flies,真蝇
train/images/true_flies/01143.jpg,train,11,true_flies,真蝇
train/images/true_flies/01144.jpg,train,11,true_flies,真蝇
train/images/true_flies/01145.jpg,train,11,true_flies,真蝇
train/images/true_flies/01146.jpg,train,11,true_flies,真蝇
train/images/true_flies/01147.jpg,train,11,true_flies,真蝇
valid/images/true_flies/01148.jpg,valid,11,true_flies,真蝇
valid/images/true_flies/01149.jpg,valid,11,true_flies,真蝇
valid/images/true_flies/01150.jpg,valid,11,true_flies,真蝇
train/images/true_flies/01151.jpg,train,11,true_flies,真蝇
train/images/true_flies/01152.jpg,train,11,true_flies,真蝇
train/images/true_flies/01153.jpg,train,11,true_flies,真蝇
train/images/true_flies/01154.jpg,train,11,true_flies,真蝇
train/images/true_flies/01155.jpg,train,11,true_flies,真蝇
train/images/true_flies/01156.jpg,train,11,true_flies,真蝇
train/images/true_flies/01157.jpg,train,11,true_flies,真蝇
train/images/true_flies/01158.jpg,train,11,true_flies,真蝇
valid/images/true_flies/01159.jpg,valid,11,true_flies,真蝇
train/images/true_flies/01160.jpg,train,11,true_flies,真蝇
train/images/true_flies/01161.jpg,train,11,true_flies,真蝇
train/images/true_flies/01162.jpg,train,11,true_flies,真蝇
train/images/true_flies/01163.jpg,train,11,true_flies,真蝇
train/images/true_flies/01164.jpg,train,11,true_flies,真蝇
valid/images/true_flies/01165.jpg,valid,11,true_flies,真蝇
train/images/true_flies/01166.jpg,train,11,true_flies,真蝇
train/images/true_flies/01167.jpg,train,11,true_flies,真蝇
valid/images/true_flies/01168.jpg,valid,11,true_flies,真蝇
train/images/true_flies/01169.jpg,train,11,true_flies,真蝇
train/images/true_flies/01170.jpg,train,11,true_flies,真蝇
valid/images/true_flies/01171.jpg,valid,11,true_flies,真蝇
train/images/true_flies/01172.jpg,train,11,true_flies,真蝇
train/images/true_flies/01173.jpg,train,11,true_flies,真蝇
valid/images/true_flies/01174.jpg,valid,11,true_flies,真蝇
train/images/true_flies/01175.jpg,train,11,true_flies,真蝇
valid/images/true_flies/01176.jpg,valid,11,true_flies,真蝇
train/images/true_flies/01177.jpg,train,11,true_flies,真蝇
train/images/true_flies/01178.jpg,train,11,true_flies,真蝇
train/images/true_flies/01179.jpg,train,11,true_flies,真蝇
train/images/true_flies/01180.jpg,train,11,true_flies,真蝇
train/images/true_flies/01181.jpg,train,11,true_flies,真蝇
valid/images/true_flies/01182.jpg,valid,11,true_flies,真蝇
train/images/true_flies/01183.jpg,train,11,true_flies,真蝇
valid/images/true_flies/01184.jpg,valid,11,true_flies,真蝇
valid/images/true_flies/01185.jpg,valid,11,true_flies,真蝇
train/images/true_flies/01186.jpg,train,11,true_flies,真蝇
train/images/true_flies/01187.jpg,train,11,true_flies,真蝇
train/images/true_flies/01188.jpg,train,11,true_flies,真蝇
train/images/true_flies/01189.jpg,train,11,true_flies,真蝇
train/images/true_flies/01190.jpg,train,11,true_flies,真蝇
train/images/true_flies/01191.jpg,train,11,true_flies,真蝇
valid/images/true_flies/01192.jpg,valid,11,true_flies,真蝇
valid/images/true_flies/01193.jpg,valid,11,true_flies,真蝇
train/images/true_flies/01194.jpg,train,11,true_flies,真蝇
train/images/true_flies/01195.jpg,train,11,true_flies,真蝇
train/images/true_flies/01196.jpg,train,11,true_flies,真蝇
train/images/true_flies/01197.jpg,train,11,true_flies,真蝇
train/images/true_flies/01198.jpg,train,11,true_flies,真蝇
valid/images/true_flies/01199.jpg,valid,11,true_flies,真蝇
train/images/worms/01200.jpg,train,12,worms,蠕虫
train/images/worms/01201.jpg,train,12,worms,蠕虫
train/images/worms/01202.jpg,train,12,worms,蠕虫
train/images/worms/01203.jpg,train,12,worms,蠕虫
train/images/worms/01204.jpg,train,12,worms,蠕虫
train/images/worms/01205.jpg,train,12,worms,蠕虫
train/images/worms/01206.jpg,train,12,worms,蠕虫
train/images/worms/01207.jpg,train,12,worms,蠕虫
valid/images/worms/01208.jpg,valid,12,worms,蠕虫
train/images/worms/01209.jpg,train,12,worms,蠕虫
valid/images/worms/01210.jpg,valid,12,worms,蠕虫
train/images/worms/01211.jpg,train,12,worms,蠕虫
train/images/worms/01212.jpg,train,12,worms,蠕虫
train/images/worms/01213.jpg,train,12,worms,蠕虫
train/images/worms/01214.jpg,train,12,worms,蠕虫
train/images/worms/01215.jpg,train,12,worms,蠕虫
train/images/worms/01216.jpg,train,12,worms,蠕虫
train/images/worms/01217.jpg,train,12,worms,蠕虫
valid/images/worms/01218.jpg,valid,12,worms,蠕虫
valid/images/worms/01219.jpg,valid,12,worms,蠕虫
train/images/worms/01220.jpg,train,12,worms,蠕虫
train/images/worms/01221.jpg,train,12,worms,蠕虫
train/images/worms/01222.jpg,train,12,worms,蠕虫
valid/images/worms/01223.jpg,valid,12,worms,蠕虫
train/images/worms/01224.jpg,train,12,worms,蠕虫
train/images/worms/01225.jpg,train,12,worms,蠕虫
train/images/worms/01226.jpg,train,12,worms,蠕虫
train/images/worms/01227.jpg,train,12,worms,蠕虫
train/images/worms/01228.jpg,train,12,worms,蠕虫
train/images/worms/01229.jpg,train,12,worms,蠕虫
train/images/worms/01230.jpg,train,12,worms,蠕虫
train/images/worms/01231.jpg,train,12,worms,蠕虫
train/images/worms/01232.jpg,train,12,worms,蠕虫
train/images/worms/01233.jpg,train,12,worms,蠕虫
train/images/worms/01234.jpg,train,12,worms,蠕虫
valid/images/worms/01235.jpg,valid,12,worms,蠕虫
valid/images/worms/01236.jpg,valid,12,worms,蠕虫
train/images/worms/01237.jpg,train,12,worms,蠕虫
train/images/worms/01238.jpg,train,12,worms,蠕虫
train/images/worms/01239.jpg,train,12,worms,蠕虫
valid/images/worms/01240.jpg,valid,12,worms,蠕虫
train/images/worms/01241.jpg,train,12,worms,蠕虫
train/images/worms/01242.jpg,train,12,worms,蠕虫
train/images/worms/01243.jpg,train,12,worms,蠕虫
valid/images/worms/01244.jpg,valid,12,worms,蠕虫
train/images/worms/01245.jpg,train,12,worms,蠕虫
valid/images/worms/01246.jpg,valid,12,worms,蠕虫
train/images/worms/01247.jpg,train,12,worms,蠕虫
train/images/worms/01248.jpg,train,12,worms,蠕虫
train/images/worms/01249.jpg,train,12,worms,蠕虫
train/images/worms/01250.jpg,train,12,worms,蠕虫
train/images/worms/01251.jpg,train,12,worms,蠕虫
train/images/worms/01252.jpg,train,12,worms,蠕虫
train/images/worms/01253.jpg,train,12,worms,蠕虫
train/images/worms/01254.jpg,train,12,worms,蠕虫
train/images/worms/01255.jpg,train,12,worms,蠕虫
train/images/worms/01256.jpg,train,12,worms,蠕虫
train/images/worms/01257.jpg,train,12,worms,蠕虫
train/images/worms/01258.jpg,train,12,worms,蠕虫
train/images/worms/01259.jpg,train,12,worms,蠕虫
valid/images/worms/01260.jpg,valid,12,worms,蠕虫
valid/images/worms/01261.jpg,valid,12,worms,蠕虫
valid/images/worms/01262.jpg,valid,12,worms,蠕虫
train/images/worms/01263.jpg,train,12,worms,蠕虫
train/images/worms/01264.jpg,train,12,worms,蠕虫
train/images/worms/01265.jpg,train,12,worms,蠕虫
train/images/worms/01266.jpg,train,12,worms,蠕虫
valid/images/worms/01267.jpg,valid,12,worms,蠕虫
train/images/worms/01268.jpg,train,12,worms,蠕虫
train/images/worms/01269.jpg,train,12,worms,蠕虫
train/images/worms/01270.jpg,train,12,worms,蠕虫
train/images/worms/01271.jpg,train,12,worms,蠕虫
valid/images/worms/01272.jpg,valid,12,worms,蠕虫
train/images/worms/01273.jpg,train,12,worms,蠕虫
train/images/worms/01274.jpg,train,12,worms,蠕虫
train/images/worms/01275.jpg,train,12,worms,蠕虫
train/images/worms/01276.jpg,train,12,worms,蠕虫
train/images/worms/01277.jpg,train,12,worms,蠕虫
train/images/worms/01278.jpg,train,12,worms,蠕虫
train/images/worms/01279.jpg,train,12,worms,蠕虫
valid/images/worms/01280.jpg,valid,12,worms,蠕虫
valid/images/worms/01281.jpg,valid,12,worms,蠕虫
train/images/worms/01282.jpg,train,12,worms,蠕虫
train/images/worms/01283.jpg,train,12,worms,蠕虫
train/images/worms/01284.jpg,train,12,worms,蠕虫
train/images/worms/01285.jpg,train,12,worms,蠕虫
train/images/worms/01286.jpg,train,12,worms,蠕虫
train/images/worms/01287.jpg,train,12,worms,蠕虫
train/images/worms/01288.jpg,train,12,worms,蠕虫
train/images/worms/01289.jpg,train,12,worms,蠕虫
valid/images/worms/01290.jpg,valid,12,worms,蠕虫
train/images/worms/01291.jpg,train,12,worms,蠕虫
train/images/worms/01292.jpg,train,12,worms,蠕虫
train/images/worms/01293.jpg,train,12,worms,蠕虫
train/images/worms/01294.jpg,train,12,worms,蠕虫
train/images/worms/01295.jpg,train,12,worms,蠕虫
train/images/worms/01296.jpg,train,12,worms,蠕虫
train/images/worms/01297.jpg,train,12,worms,蠕虫
train/images/worms/01298.jpg,train,12,worms,蠕虫
train/images/worms/01299.jpg,train,12,worms,蠕虫
